0,2,4,0.6846376807629382,1.4540738816319447,0.05645525703445234,0.999999999999997,1.000000000000004,0.4778723806887043,0.21615661994424606,1.000000000000002,1.0000000000000042
0,2,4,1.1086376807630387,1.3120121404074117,0.24616604707119102,1.0,1.0,1.0,1.0,1.0,1.0
0,2,4,0.5846376807612575,1.4540738816319791,0.13334911577772446,1.000000000000015,1.0000000000000044,0.3946119897054331,0.43439976600609953,1.0000000000000033,1.000000000000005
0,2,4,1.28463768076303,0.0969382587754001,0.014572843376747765,-1.4272790835007823e-13,0.9999999999999316,0.9999999999999428,0.12830936574441656,0.9999999999999583,0.9999999999999679
0,2,4,1.1846376811748511,0.703906572576509,0.3121660418408835,0.5681818158419634,1.0000000000000022,0.9999999999999964,0.9999999999999982,1.0000000000000002,7.924707956519228e-08
0,2,4,0.38463767914522023,1.4540738816347525,0.21451121206242804,1.0000000000000004,1.0000000000000036,0.2564051096863139,0.7966693151049619,1.0000000000000018,0.9999999999999998
0,2,4,0.9850619760320782,1.0663208450422232,0.31216604707119283,0.9999999999999969,0.9999999999999999,0.8108937482672915,1.0000000000000018,0.9999999999999967,-2.559740849762353e-14
0,2,6,1.5809606647711347,0.8979600514775454,2.3060296180584214,6.640683605402688e-16,-2.035806736913387e-15,0.9999999999999962,1.0000000000000004,0.9999999999999996,0.3859458545018528
0,2,6,1.2809606639113826,2.8758616526359733,1.3819961904683202,0.9999999999999989,0.9393939459072109,0.9999999999999978,0.31125727865852615,0.9999999999999976,1.000000000000001
0,2,6,1.08291070660261,3.0741969214741083,0.5060296269644563,0.9999999999999942,0.9999999999999893,0.5572719205938091,0.0068990009063473814,0.9999999999999936,0.9999999999999948
0,2,6,0.51147217353201,3.1733645640820836,0.506029646283143,1.0000000000000284,1.0000000000000249,1.050427106408236e-13,4.3153089465038194e-11,0.7750517325484447,0.9999999999999698
0,2,6,1.3809606531644854,2.875861652635974,0.9526145582320107,1.0000000000000009,0.18181826974734006,0.9999999999999964,0.3112572786585277,0.9999999999999991,1.0000000000000018
0,2,6,0.8546900069852446,3.0741969214641927,1.0060286847172797,1.0000000000000002,1.0000000000000004,0.21786673328901474,0.15369174444047567,1.000000000000002,1.0000000000000002
0,2,6,1.0120157120558857,3.074196921472604,0.706029642647648,0.9999999999999997,0.9999999999999944,0.4344190108698918,0.06003288436570527,1.0000000000000018,0.999999999999994
0,2,6,1.3809606470685571,1.5041396443794377,2.6060296619000174,0.38636373694645854,1.0000000000000013,0.9999999999999967,0.9999999999999967,1.0,0.44444439962388405
0,2,6,0.9579473783773587,2.875861636212291,1.9060296434602977,0.9999999999999983,1.0,0.35216850428836904,0.5914444416130038,0.9999999999999998,0.9999999999999992
0,2,6,0.916431490721578,3.074196921463181,0.9060294493319986,1.0,1.000000000000004,0.2948482224667745,0.1203972503736375,1.0000000000000058,1.0000000000000069
0,2,6,1.5809606647711312,2.082520493709435,1.7189514480383241,6.688686343437964e-15,7.352177218973878e-14,1.000000000000011,0.751554071055546,1.0000000000000133,1.0000000000000022
0,2,6,1.0349071345152732,2.67752634744964,2.4060296420745293,1.0000000000000029,1.000000000000002,0.5539781309233842,0.9999999999999991,0.8387096941657095,1.000000000000002
0,2,6,0.6841875459735236,3.074196921470795,1.2060296441116385,1.0000000000000016,1.0000000000000004,0.04725411286578684,0.2274817027570199,1.0000000000000022,1.0000000000000029
0,2,6,1.1842845163256113,2.875861636211781,1.6060296418825768,0.9999999999999922,0.999999999999998,0.7692789718995032,0.4110441643724566,0.999999999999999,0.9999999999999987
0,2,6,1.3809606470685578,1.9383220357625728,2.506029653832319,0.3863637369464554,0.9999999999999987,0.9999999999999949,0.9999999999999984,0.9999999999999993,0.6969696725221162
0,2,6,1.1863722683884053,2.082520492667164,2.606029644148879,1.0000000000000009,1.000000000000005,1.0000000000000027,1.0000000000000007,0.6136032212023991,0.5654373751846092
0,2,6,1.2809606634598327,1.3068033408361692,2.706029669967719,0.9545454619960336,0.9999999999999991,0.9999999999999967,0.9999999999999996,0.9999999999999996,0.1919191267256517
0,2,6,1.1258950138321735,2.8758616361960088,1.7060295925207214,1.0000000000000004,1.0000000000000056,0.6413758946274731,0.4663622453320477,1.0000000000000018,0.9999999999999994
0,2,6,0.6809606647707169,3.1733645640993875,0.22715768937965597,0.9999999999999961,0.5785369001550245,-3.2272891083421815e-14,-1.3322676296537369e-15,1.000000000000003,1.0000000000000009
0,2,6,1.080960664771174,0.19062115018650103,2.906029644151098,0.4072557726810238,1.0000000000000127,1.0000000000000064,1.0000000000000089,-1.4731630237289613e-14,-1.78747446363456e-14
0,2,6,0.6809606647707255,3.173364564099404,0.22715768937950118,1.0000000000000364,0.5785369001550728,-1.9162635078925145e-14,-4.5977621291539e-14,1.0000000000000138,0.9999999999999876
0,2,6,0.6253275357224318,3.1733645640821404,0.47813606094307437,0.9999999999999999,0.9999999999999962,9.965898852687394e-11,-1.903645959891631e-14,0.9999999999999969,0.9999999999999921
0,2,6,1.280960663911383,2.677526355558056,2.171413292248957,0.9999999999999991,0.9393939459072109,0.9999999999999982,0.8070955213533182,0.9999999999999998,1.0000000000000018
0,2,6,1.3809606647711348,2.677526350771511,1.9070544496424868,1.0000000000000027,0.18181818181818618,1.0000000000000002,0.8070955333196732,1.0000000000000002,0.9999999999999972
0,2,6,1.2584891652829733,2.677526350948759,2.2060296323073105,0.9999999999999966,0.9999999999999999,0.9589054485035732,0.8248689263987508,0.9999999999999989,0.9999999999999971
0,2,6,1.2719897959659971,2.875861636214987,1.4060296441486604,1.0000000000000018,1.0000000000000082,0.9971968949029812,0.31246966266547,1.0000000000000033,1.00000000000001
0,2,6,0.7792368993648553,3.074196921471145,1.106029644146846,1.0000000000000075,1.0000000000000102,0.13550287842049777,0.18931411165374207,1.0000000000000064,1.000000000000004
0,2,6,0.9766376809289374,0.6996054634924352,2.906029644105886,1.0000000000000022,0.9999999999999978,0.999999999999999,1.0000000000000036,3.64511549850316e-10,-1.1551303549835624e-14
0,2,6,0.9682567213935375,1.487514639421472,2.806029644151442,0.9999999999999355,0.9999999999999308,0.9858785930343938,0.9999999999999201,-3.776487960207189e-12,0.2525252525252909
0,2,6,1.3809606647499317,2.4791908065093993,2.2880259456344367,0.6925634506337607,0.5917335811338027,0.9999999999999994,0.9999999999999987,1.0,0.9999999999999992
0,2,6,1.1323669294165553,2.4791910652218907,2.5060296441515737,0.9999999999999971,0.9999999999999916,0.9999999999999979,1.0000000000000016,0.4202595802664629,0.8785045758749082
0,2,6,0.62532753572242,3.1733645640821435,0.4781360609430391,0.9999999999999982,0.999999999999994,9.965020085142551e-11,-2.7503681845134913e-14,0.9999999999999947,0.9999999999999905
0,2,6,0.6253275357224191,3.1733645640821435,0.47813606094303723,0.9999999999999994,0.9999999999999947,9.964968867431923e-11,-2.827342932206387e-14,0.9999999999999953,0.9999999999999889
0,2,6,1.23208717097119,2.875861636214888,1.5060296441405352,0.9999999999999932,0.9999999999999967,0.8875681879604599,0.3598840784183281,0.9999999999999968,0.9999999999999982
0,2,6,1.48096066477113,1.7332554593083231,2.4060296438206663,-1.6945983489305773e-14,0.7575757575758133,1.0000000000000004,0.9999999999999988,0.9999999999999941,0.8122010933614857
0,2,6,0.6574972468870992,2.677526347449637,2.5060296316917827,1.0,0.9999999999999958,0.5539781309233773,0.999999999999994,0.03225816499427925,0.9999999999999964
0,2,6,0.6809606647706563,3.1733645640994137,0.22715768937937478,0.9999999999999784,0.5785369001550084,-7.867142024325843e-14,-6.291206578395028e-14,0.9999999999999928,1.0000000000000009
0,2,6,1.055660406779001,1.884185209933848,2.706029644151034,0.9999999999999996,0.9999999999999968,1.0000000000000009,1.0000000000000033,0.1918508968280236,0.44497598180144354
0,2,6,1.0430230410679793,2.280855780445656,2.606029644151194,0.9999999999999952,0.9999999999999958,0.9999999999999982,0.9999999999999974,0.15852612621839476,0.7079362635070704
0,2,6,0.5189264606950426,2.082520495014297,2.706029644151077,0.99999999999999,0.9999999999999898,0.44857846334492363,0.9999999999999937,-6.000720300790468e-14,0.5050505050505076
0,2,6,1.5809606647711378,2.2808557559072775,0.5880908144223633,-2.0989190612281423e-14,6.5304801752313535e-15,1.0000000000000024,0.25571591556084994,0.9999999999999956,0.9999999999999989
0,2,6,0.625327535722443,3.173364564082138,0.47813606094310535,0.9999999999999994,0.9999999999999976,9.966669069910727e-11,-1.1338984829626673e-14,0.9999999999999993,0.9999999999999947
0,2,6,0.9680789946270717,3.074196921473555,0.8060296188779199,1.0000000000000018,0.9999999999999972,0.3668986210893711,0.0892354529434052,0.9999999999999982,0.9999999999999949
0,2,6,0.17262841427852577,2.479191064324556,2.6060296441510524,1.0000000000000007,0.9999999999999964,0.2096650730382488,0.9999999999999793,3.4532030744150206e-14,0.7575757575757599
0,2,6,1.4809606647711289,2.6775263479718427,0.88400128763441,0.5681818181818354,3.2451686142856073e-14,1.0000000000000007,0.35355067855536554,1.0000000000000016,0.9999999999999984
0,2,6,1.2809606634598327,2.535567190933738,2.4060296457646184,0.9545454619960339,1.0000000000000002,0.9999999999999969,0.9999999999999989,1.0000000000000004,0.9494949454203501
0,2,6,1.1942950829598526,0.892508783258191,2.8060296441515016,1.0000000000000098,1.0000000000000073,1.0000000000000056,1.0000000000000095,0.6446901660045736,0.05065257428035497
0,2,6,1.052756461089644,2.875861636202256,1.8060296272622356,1.0000000000000016,1.000000000000001,0.5027618503414929,0.5263128194701342,1.0000000000000016,1.0000000000000053
0,2,6,0.8286869810044071,2.8758616362148883,2.006029644137118,1.000000000000002,1.000000000000002,0.18812101976243537,0.6623949786639933,1.0000000000000029,1.0000000000000062
0,2,6,0.4023744946595266,3.0741969214710156,1.3060296447912332,1.0000000000000164,1.0000000000000766,2.070212701542775e-12,0.2479191065702425,0.6031408535330481,1.0000000000000875
0,2,6,0.6253275357224418,3.173364564082139,0.47813606094310196,1.0000000000000016,0.9999999999999976,9.966617852200099e-11,-1.2108732306555637e-14,0.9999999999999993,0.9999999999999947
0,2,6,0.636913195694672,2.87586163623653,2.106029199071868,1.0000000000000038,0.9999999999999992,0.00889531779021909,0.7399100947128797,1.0000000000000062,1.000000000000008
0,2,6,1.1728382764462153,2.677526350959174,2.3060296441351746,1.0000000000000024,0.999999999999999,0.7428542671590452,0.918311062304232,1.0000000000000024,0.9999999999999997
0,2,6,1.4809606647711278,1.297372195631419,2.506029645600868,5.890051542527237e-14,0.757575757575768,1.000000000000008,1.0000000000000009,1.0000000000000064,0.5596758363407485
0,2,6,1.480960664771141,2.479191066055381,1.8658846397007474,0.5681818181818155,-4.294156640829907e-14,0.9999999999999971,0.8493888833465041,1.0000000000000007,1.0000000000000002
0,2,6,1.2809606647853877,0.51020466599348,2.8060296441510846,0.7253510802204539,1.0000000000000142,0.9999999999999996,1.0000000000000075,0.8064516129032084,1.9551122090176882e-14
0,2,12,1.2846376807625286,0.09476703467671391,0.2531130785624296,2.8982871061889598e-12,0.999999999999998,1.0000000000000002,0.9999999999999976,0.9999999999999987,0.9999999999999987
0,2,12,0.4846376689960953,1.4865875764523417,0.2502205020437064,1.000000000000002,1.0000000000000013,0.3213121899996628,0.9819791283870855,1.000000000000001,1.0000000000000002
0,2,12,1.108637680763038,0.9996055032227468,0.3491130740026749,1.0000000000000004,0.9999999999999996,0.9999999999999996,1.000000000000001,1.0,4.7497449973121775e-08
0,2,12,0.7672417291533763,1.0764944484212433,0.3491130785624358,0.9999999999999918,0.9999999999999831,0.5555550004112422,0.9999999999999716,0.9999999999999847,-1.0937441182135535e-13
0,2,12,0.08463758803032888,1.5891108575988384,0.09170460939681843,0.9999999999999916,1.0000000000000004,0.1006262082824691,0.3385330652927954,0.9999999999999983,0.9999999999999972
0,2,12,0.46937244156690716,1.4865875710366518,0.2531130785624299,1.0,1.0000000000000007,0.3108955325106302,1.0000000000000009,1.0000000000000009,1.0000000000000009
0,2,12,0.7846376765830303,1.4865875764647147,0.15869121148337917,0.9999999999999966,0.9999999999999999,0.5730781220681299,0.5464240657848741,1.0000000000000004,1.0000000000000022
0,2,12,1.0487949764836613,1.384064294564215,0.25311307856242987,1.0000000000000009,1.0000000000000004,0.9035156277270324,1.0000000000000009,1.0000000000000009,1.0000000000000018
0,2,12,1.1846376811748502,0.6699065653503481,0.3491130740026748,0.5681818158419609,0.9999999999999996,0.9999999999999944,0.9999999999999982,0.9999999999999984,4.7497445532229676e-08
0,2,12,0.8846376807539642,1.4865875764584713,0.09848079913576147,0.9999999999999978,0.9999999999999984,0.6827794200358691,0.3566408203631296,1.0000000000000007,0.9999999999999984
0,2,12,0.18463768076241013,1.5891108575934267,0.058870848421966104,0.9999999999999994,1.000000000000002,0.14698684611312116,0.2583291618999394,0.9999999999999993,1.0000000000000009
0,2,12,1.284637680763014,0.15378492170338026,0.11721512360534325,2.7978438139390615e-13,1.0000000000000577,1.0000000000000415,0.40982112965923545,1.0000000000000604,1.0000000000000604
0,2,12,1.1846376807630192,1.0764944600169326,0.17580108160651897,0.5681818181819337,1.0000000000000275,1.000000000000002,0.6117910258667998,1.0000000000000213,1.000000000000021
0,2,12,1.0846374489856085,1.3840642952952056,0.23671935441626696,1.0,0.9999999999999978,0.9601059499645912,0.9020987352191062,0.9999999999999987,0.9999999999999993
0,2,14,1.2846376807630469,0.4121132254824257,0.1500287609774479,1.4000990774599862e-13,1.0000000000000078,1.0000000000000557,0.23210163413005622,1.0000000000000084,0.9999999999999996
0,2,14,1.1846376811748507,0.6569065360257289,0.6264731040890497,0.5681818158419629,1.0000000000000018,0.9999999999999958,0.9999999999999987,1.0000000000000004,7.241685473502457e-09
0,2,14,0.3524186431076203,1.1185930232223535,0.6264731048639102,0.9999999999999982,1.0000000000000016,0.237066128729281,1.0000000000000107,1.000000000000004,2.808903183888048e-14
0,2,14,0.9846376539109354,1.7073262198491712,0.2196920800192058,0.9999999999999959,0.9999999999999997,0.810308790895978,0.3224471943100773,1.0000000000000004,0.9999999999999983
0,2,14,0.7846376765795239,1.7073262198550367,0.4136473564696917,1.0000000000000002,1.000000000000001,0.5730781220645551,0.6856410500797564,0.9999999999999983,0.9999999999999988
0,2,14,0.3901438303074188,1.7073262198242352,0.5264731048639112,1.0000000000000044,1.0000000000000018,0.25978300099386564,1.000000000000003,1.0000000000000024,0.934579439252336
0,2,14,1.184637680763065,1.3540863086757668,0.1569193805760455,0.5681818181818122,0.9999999999999969,1.0000000000000426,0.2403622070613891,1.000000000000012,0.9999999999999828
0,2,14,0.5846376806677885,1.7073262198532837,0.5076935231683672,0.9999999999999996,1.0000000000000013,0.3946119896325361,0.9588679608097761,1.0000000000000013,1.000000000000001
0,2,14,0.6846376804977027,1.707326219852881,0.4675899127656001,0.9999999999999998,0.999999999999996,0.4778723804530136,0.8313985129200343,0.9999999999999966,0.9999999999999956
0,2,14,0.5494144946462053,1.7073262196296193,0.5194731048639101,0.9999999999999982,1.0000000000000004,0.3677453988531654,0.9999999999999998,1.0000000000000007,1.0000000000000007
0,2,14,0.08463758803032415,1.8250728557121294,0.2499430158241548,1.0000000000000056,1.0000000000000033,0.10062620828246813,0.3669467600550764,1.0000000000000009,0.9999999999999982
0,2,14,1.1846376811748491,1.2495697412638282,0.526473104813218,0.568181815841958,0.9999999999999993,0.9999999999999918,0.9999999999999962,0.9999999999999967,0.9345794397260867
0,2,14,0.28463768073737084,1.825072855705221,0.13703951638998366,0.9999999999999982,0.9999999999999964,0.19863559204218217,0.21689699559908016,0.9999999999999936,0.9999999999999944
0,2,14,1.0724032322666777,1.5895795839722842,0.5264731048639092,1.0000000000000004,0.9999999999999971,0.9403993932016642,0.9999999999999962,0.9999999999999998,0.9345794392523356
0,2,14,0.1846376807624196,1.8250728557052642,0.20050241637236468,0.9999999999999969,0.9999999999999968,0.1469868461131256,0.29596985441044993,0.9999999999999984,0.9999999999999996
0,2,14,0.38463768028083506,1.8250728557047085,0.05252293740610657,1.0000000000000024,1.0000000000000013,0.25640511038075453,0.12845339673133482,1.0000000000000038,1.0000000000000047
0,2,14,0.8846376807539964,1.7073262198529768,0.3371415024866282,0.9999999999999979,1.0000000000000013,0.682779420035907,0.5176912753276768,1.0000000000000018,1.0000000000000002
0,2,14,1.2846376807624322,0.3066632155132876,0.5264731048639688,3.4474390302099284e-12,0.9999999999999989,1.0000000000000002,1.0,1.0000000000000009,0.9345794392517895
0,2,14,1.1086376807630387,1.5979461736312173,0.5194731048639103,1.0,1.0,1.0,1.0,1.0,1.0
0,2,14,1.0579748611057227,1.000846402867191,0.6264731048639176,0.9999999999999833,0.9999999999999898,0.9176824313594196,0.9999999999999997,0.9999999999999925,-7.021932062966484e-14
0,4,6,0.9333275355911302,0.2436120387981259,0.07890411649107766,0.9999999999999569,3.945222066402613e-13,0.9999999999999285,0.9999999999999246,0.9999999999999148,0.959776350134601
0,4,6,0.13332753558676752,0.23891427446848068,1.1835617473517532,1.0000000000000018,0.9999999999999969,0.9999999999999968,0.9999999999999967,0.157234421992812,0.9282351275484788
0,4,6,0.07861478433126802,0.2493719158315396,1.1835617491348176,1.0000000000000009,0.9999999999999947,0.9999999999999993,0.9999999999999996,0.12019447344472622,0.9999999999999998
0,4,6,0.33332753559079636,0.18082929356936334,1.183561747351831,0.9999999999999959,1.000000000000001,0.9999999999999997,1.000000000000002,0.3198866548592072,0.6130964263686622
0,4,6,0.43332753558923087,0.1294350802282156,1.183561747351806,1.0000000000000033,1.0000000000000013,1.0000000000000002,1.0000000000000053,0.421696837850467,0.4158391968234966
0,4,6,0.5271858505662118,0.3153719158315411,0.8679452823361281,0.9999999999999956,1.0000000000000029,0.9999999999999969,-8.224427549383844e-15,0.5337966016695028,1.000000000000007
0,4,6,0.2333275196529046,0.21478658588364247,1.1835617473526283,0.999999999999993,0.9999999999999971,0.9999999999999981,0.9999999999999941,0.23265321277910705,0.7821112203863542
0,4,6,0.5333275281335975,0.041858753840754964,1.1835617473491586,0.9999999999999963,0.9999999999999896,0.9999999999999976,0.9999999999999946,0.5417848849187192,0.18316860567001914
0,6,9,0.8333275375708173,0.7363785617157262,0.034707799920436176,0.7575757425788108,1.0000000000000002,0.9999999999999996,0.9999999999999989,1.0000000000000002,8.692341513238944e-09
0,6,9,0.1486363659523653,0.968291116788429,0.03470779999866727,0.9999999999999948,1.0000000000000018,0.1681043883445063,1.0000000000000004,0.9999999999999998,4.0496251470256524e-16
0,6,9,0.8013275355912213,0.8651360615465354,0.03470779992043619,1.0000000000000022,1.000000000000002,1.0000000000000022,1.0000000000000027,1.0000000000000022,8.692347952532486e-09
0,6,10,0.8013275355912197,0.8651360609441593,0.10812814614956308,0.9999999999999962,0.9999999999999956,0.9999999999999973,0.9999999999999976,0.9999999999999976,3.275418825054999e-11
0,6,10,0.45083402385161,0.9557763015233701,0.10412814614969415,0.999999999999998,0.9999999999999984,0.4412774642968169,0.9999999999999991,0.9999999999999996,0.9999999999999996
0,6,10,0.2768593740103158,0.9557762489286278,0.10812814614282183,0.9999999999999969,0.9999999999999944,0.269030742480046,0.9999999999999972,0.9999999999999949,1.7180665807668867e-09
0,6,10,0.8333275355895072,0.7363785702470658,0.1081281461496942,0.7575757575887507,1.0000000000000049,1.0000000000000042,1.0000000000000047,1.0000000000000044,3.68580762698939e-14
0,6,12,0.8333275355912154,1.2030986352524242,0.05982341094650297,0.7575757575757563,0.9999999999999962,0.9999999999999881,0.22415005542132097,0.9999999999999927,0.9999999999999929
0,6,12,0.3333275302581449,1.388190733224975,0.18049352467949364,1.000000000000004,0.9999999999999993,0.3198866498468057,0.4763973360559244,1.0000000000000016,1.0000000000000013
0,6,12,0.8333275375708165,1.087192235338683,0.3407526374809028,0.7575757425788094,0.9999999999999989,0.9999999999999973,0.9999999999999982,0.9999999999999989,0.8695652155321791
0,6,12,0.4472932421299066,0.8329144399359023,0.4407526372670997,1.0000000000000069,1.000000000000006,0.4372711371556085,1.0000000000000018,1.0000000000000049,3.899982805011505e-14
0,6,12,0.13332752350358862,1.388190733227633,0.2420356567832438,1.0,1.0000000000000016,0.15723441350354156,0.6580989333884011,1.0000000000000018,1.0000000000000009
0,6,12,0.8013275355912207,1.2159497351694923,0.3407526374809031,1.0000000000000013,1.0000000000000013,1.0000000000000009,1.0000000000000013,1.0000000000000013,0.869565215532182
0,6,12,0.13332753196989577,1.3881907332269963,0.2420356548020244,1.0000000000000036,1.0000000000000047,0.1572344194517095,0.6580989267493547,1.0000000000000036,1.0000000000000022
0,6,12,0.4333275326379767,1.3881907332282672,0.1325431583987613,0.9999999999999968,0.9999999999999953,0.4216968345971319,0.3626634359447792,0.999999999999996,0.9999999999999967
0,6,12,0.23332718663019683,1.388190733216035,0.2154345126261413,0.9999999999999923,0.999999999999998,0.23265294327010708,0.5738476029428079,0.999999999999998,0.9999999999999966
0,6,12,0.9333275355912254,0.277638146644855,0.2623740547789852,-2.0263436724301325e-13,0.9999999999999651,0.9999999999999513,0.7293925632407744,0.9999999999999607,0.999999999999955
0,6,12,0.5333275281344845,1.3881907332237788,0.062417447552446215,1.0000000000000009,1.0000000000000042,0.5417848849198813,0.22851101940847204,1.000000000000004,1.0000000000000013
0,6,14,0.7482726403867201,0.8629780698494556,0.05223893800398283,0.9999999999999964,1.0000000000000044,0.8883708959168932,1.0000000000000027,1.0000000000000009,1.2650172315680219e-14
2,4,6,2.045024518245788,0.30627351120384605,2.2542861705969734,1.0000000000000295,0.9999999999998673,0.1859724126543556,0.9999999999999256,0.9437627645691363,0.683286674892495
2,4,6,2.0901421221326406,0.4062735112041619,2.1228641764421514,1.000000000000002,1.0000000000000007,7.25049843297923e-12,7.250697492498098e-12,1.0,1.0
2,4,6,2.0510137971325486,0.27427351120511895,2.254286167626226,0.9999999999999996,0.9999999999999989,0.9999999999999991,0.9999999999999991,0.8925767801348448,0.9999999999999996
2,4,6,0.6450245182499483,0.18844572999268724,2.5882544921671666,0.9999999999999999,1.0000000000000273,1.0000000000000209,1.0000000000000115,0.20136113725713395,0.0586417193541612
2,4,6,1.3090685925820542,0.3062735112051187,2.4212703313859762,0.9999999999999986,0.9999999999999984,0.5151515151515141,1.000000000000001,0.47089959892335675,0.9999999999999987
2,4,6,2.4450245182494723,0.30627351118203044,1.0853970448944077,0.6706147658912615,0.3893485636295655,1.0000000000000027,0.18152440471636128,1.0000000000000053,0.9999999999999992
2,4,6,1.5450245176249768,0.23088461324401682,2.421270331380924,1.0000000000000002,1.000000000000006,1.0000000000000127,1.0000000000000413,0.5629245308090731,0.4305957340362197
2,4,6,1.3612710288586611,0.27427351120511884,2.4212703167490655,1.0000000000000013,0.9999999999999991,1.0000000000000007,1.000000000000001,0.4708996358852511,1.000000000000001
2,4,6,0.045024518249853415,0.30627351120511237,2.5882544921671204,0.9999999999999731,0.9999999999999918,0.371338339129065,1.0000000000000082,0.07307317279180253,0.8524234994834812
2,4,6,2.3450245182501503,0.40627351120512023,0.969487550018813,0.9999999999999943,0.362794009703743,-1.271098116913281e-14,-1.5913070956755246e-14,1.0000000000000036,0.9999999999999969
2,4,6,1.345024518245296,0.30627351120437557,2.4212703313822126,1.0000000000000275,0.999999999999926,0.34039318759037,1.0000000000000189,0.4995642502047782,0.8226374702537219
2,4,6,1.6086457439616382,0.40627351120208943,2.2542861087086763,0.9999999999999964,0.999999999999998,-1.24443572157307e-14,4.591061092493881e-11,0.6681264336837945,1.0000000000000007
2,4,6,2.145024518250102,0.23901008329296236,2.254286170597153,1.000000000000008,0.9999999999999933,1.0000000000000013,1.000000000000011,0.97027942630847,0.5192148303798861
2,4,6,0.5944600965659673,0.4062735112051148,2.421270331382136,1.0000000000000018,0.9999999999999947,4.0131759175931936e-14,2.6317537148922844e-14,0.2464491036843835,1.0000000000000038
2,4,6,1.445024518248888,0.25752873210209803,2.4212703313821433,0.99999999999996,0.9999999999999918,0.9999999999999903,0.9999999999999969,0.5113794297533202,0.749531046799357
2,4,6,1.645024517811692,0.1923789254879144,2.4212703313814306,1.0000000000000029,1.0000000000000053,1.0,0.9999999999999989,0.6183170338875471,0.08785462123019044
2,4,6,0.5450243347160053,0.21098865960489255,2.588254492186967,0.9999999999999954,0.9999999999999816,1.0000000000000133,1.000000000000005,0.17214196552420616,0.23943534414144346
2,4,6,2.145024458704188,0.40627351120222094,1.9447606589102617,0.9999999999999959,0.8627941585837392,4.391814765591223e-11,-1.7680535631354736e-14,1.000000000000005,0.9999999999999957
2,4,6,2.5450245182501705,0.20627351120511217,0.7514287235323481,0.08953846365505891,0.23522615349691703,1.000000000000028,0.8346796165662004,1.0000000000000486,1.0000000000000073
2,4,6,2.445024518195561,0.19449334536849588,1.4193653009557183,0.08274978038305464,0.4863462863731742,0.999999999999987,1.0000000000000153,0.9999999999999976,1.0000000000000093
2,4,6,2.5450245182502056,0.30627351120272694,0.25047624114090267,0.7630601339138626,0.12409507790392146,1.0000000000001499,0.28348168429400206,0.9999999999999685,0.9999999999999805
2,4,6,2.0144259519930405,0.3062735112051187,2.254286170606068,0.9999999999999998,0.9999999999999982,0.5151515151515168,1.0000000000000004,0.8925767726099916,1.0000000000000004
2,4,6,2.245024518250067,0.037304351120814754,2.254286170597184,-9.247026722916328e-14,0.9999999999999666,0.9999999999999684,0.9999999999999845,0.9999999999999414,0.33531878066292203
2,4,6,2.4450245182501265,0.40627351120511807,0.10537007100187584,1.000000000000005,0.11279400970378987,9.262241572083718e-15,8.179813707657373e-15,0.9999999999999973,1.000000000000001
2,4,6,2.3450245182553857,0.306273506388276,1.586349494879724,0.8996484844662892,0.6015580000498979,1.000000000000042,0.4218000446724706,1.0000000000000018,1.0000000000000027
2,4,6,2.3450245182500473,0.08032679877092648,1.9203178490200083,-5.232919547680687e-13,0.7499999999999858,0.9999999999999906,0.9999999999999696,0.9999999999999046,0.4743249770807685
2,4,8,0.2784066769147374,0.3950757640655068,0.6652551854471965,2.9271340126063583e-12,1.0000000000000004,1.0000000000000044,1.000000000000001,1.0000000000000002,0.9999999999999998
2,4,8,0.21240667691492993,0.1671660608587235,0.7392551844935222,0.9999999999999978,0.9999999999999984,0.999999999999998,1.0000000000000009,0.9999999999999989,1.288748840977405e-08
2,4,8,0.21240667691493004,0.707241811134497,0.6652551854471961,1.0,1.0,1.0,1.0,1.0,1.0
2,4,8,0.09219469139654596,0.7989766979402342,0.33925517099087166,1.000000000000001,0.9999999999999989,0.384615700498862,0.352917429890349,0.9999999999999989,0.9999999999999978
2,4,12,0.3921308915871739,0.2554311250334276,0.12949559883197492,0.6978355982755314,0.09961549311875958,0.9999999999999992,0.999999999999996,0.9999999999999958,0.9999999999999984
2,4,12,0.11146681729980915,0.4082305480558803,0.22949563427914796,1.000000000000003,1.0000000000000007,3.5398448338602887e-15,5.378930748681406e-15,0.5793483779508614,0.9999999999999989
2,4,12,0.28009349043790893,0.30823054805588024,0.2409884389239105,0.9999999999999999,1.000000000000002,0.9627897598025308,0.5523617553489907,1.0,0.9999999999999979
2,4,12,0.4481495903852374,0.08990415090675052,0.12949563375174547,-4.329594715471045e-16,-1.996725391354963e-15,1.000000000000007,1.0000000000000115,1.0000000000000133,0.5519759365558483
2,4,12,0.3921308915870788,0.14737291250764548,0.2294956342793588,3.2809079877592986e-14,0.5601869879815462,0.9999999999999987,1.000000000000001,1.0000000000000018,0.8282495406115161
2,4,12,0.44814958925274684,0.17467912956122247,0.10082209369132074,1.7158915621706683e-08,2.6645352591003757e-15,1.0,0.9999999999999996,1.0000000000000009,1.0000000000000018
2,4,12,0.2800934939906146,0.19382874969828953,0.32949563427914913,0.9999999999999919,0.9999999999999968,0.9999999999999988,0.999999999999999,0.978755749013998,0.09436637647911247
2,4,14,0.7138775369339485,0.11797174318810107,0.5344443517548793,0.4283335733901082,0.9999999999999989,1.0000000000000047,0.9999999999999986,0.9169024841554931,0.15761951629352863
2,4,14,0.09940667691503083,0.2301660473092555,0.6344443514012599,1.0000000000000107,1.0000000000000084,1.0000000000000133,1.0000000000000149,7.113153189215778e-14,2.9481209650600304e-08
2,4,14,0.49422290515217504,0.31797174348946877,0.289931480869972,0.9999999999999979,0.45236995563343374,3.0640553178826624e-14,3.4438276093128284e-14,1.0000000000000004,1.0000000000000018
2,4,14,0.8237048503238823,0.07044872958303222,0.23444434663613398,0.25672761807233485,0.33601445926632034,0.9999999999999979,1.0,1.0000000000000002,1.0000000000000002
2,4,14,0.7138775371968747,0.23597174348947153,0.47861216269510987,0.9999999999999982,0.8738138921847434,0.9999999999999982,0.9999999999999982,0.9999999999999996,0.9999999999999991
2,4,14,0.7138775368975374,0.017971740704791392,0.5344443517546342,0.14147721858946372,0.999999999999984,0.9999999999999842,0.9999999999999847,0.8549770853001666,0.7097876561069258
2,4,14,0.8237048503254086,0.14086397039449144,0.13444435173501276,0.4835255795633845,0.20354839324921126,1.0000000000000033,1.000000000000005,1.0000000000000047,1.0000000000000036
2,6,9,0.082090318052887,2.5357728522701106,0.034707799998667264,0.999999999999999,0.9999999999999993,0.09619021255314097,0.9999999999999991,0.9999999999999996,-8.633111519883784e-16
2,6,9,2.0590705385054378,2.2085763578271904,0.0347077999986672,1.0000000000000022,1.000000000000001,0.9224439863989097,1.0000000000000004,1.000000000000001,8.488772771245241e-15
2,6,9,1.3648261722015147,2.372174605048644,0.034707799998667126,0.9999999999999972,1.000000000000003,0.5093170994760343,1.0000000000000027,1.0000000000000027,2.153932462977805e-14
2,6,10,0.4561421193569531,2.522840859380351,0.09481100264304043,0.9999999999997663,1.0000000000001654,0.1881138139808851,0.7654325419020839,1.0000000000000837,1.000000000000008
2,6,10,1.5378437945574535,2.360076921741962,0.10412814614969423,1.0000000000000036,1.0000000000000013,0.5938027799298586,1.0000000000000013,1.000000000000002,1.000000000000002
2,6,10,1.5561421175299874,2.3600769329648417,0.08446508522513345,1.000000000000125,1.0000000000001046,0.6033347123770634,0.5805937253529647,1.0000000000001188,1.000000000000179
2,6,10,1.4297391307900522,2.3600769221679614,0.10812814614794976,0.9999999999999963,0.9999999999999938,0.5398668037541515,1.0,0.999999999999996,4.361058901156123e-10
2,6,10,0.4363074182295921,2.5228408367867012,0.10412814614969423,1.000000000000003,1.0000000000000013,0.18278279244314222,1.0000000000000013,1.0000000000000018,1.0000000000000022
2,6,10,2.156142122131645,2.1992228225941814,0.10412814614969418,1.0,1.0,1.0,1.0,1.0,1.0
2,6,10,0.2232400879065483,2.5228408465078602,0.10812814614729335,0.9999999999999949,1.0000000000000002,0.12884679280759026,0.999999999999993,0.9999999999999984,6.001506870135544e-10
2,6,10,2.3561421489537375,1.3835221825888921,0.10412814614969423,0.49999993294476774,1.0000000000000027,1.0,1.0000000000000013,1.0000000000000018,1.0000000000000022
2,6,10,2.0955954768496046,2.197313005535544,0.10812814614956069,1.0000000000000038,1.0000000000000089,0.9508867952188096,1.0000000000000067,1.0000000000000049,3.342958977128538e-11
2,6,12,1.2866227229976008,2.5112316711039173,0.3247779619927747,1.000000000000002,0.9999999999999879,0.4243608331896671,0.8264477182253842,0.9999999999999876,0.9999999999999903
2,6,12,0.08662272272035682,2.6844200622153593,0.2947385707483733,1.0000000000000082,1.000000000000009,0.045591343322712925,0.6174776900801714,1.000000000000011,1.0000000000000102
2,6,12,2.286622723007797,2.164854888840988,0.2819974011422166,0.9134304584301451,0.3462781662818639,0.9999999999999951,1.0000000000000004,0.9999999999999993,1.0000000000000022
2,6,12,2.28662272300632,1.9916664970977265,0.35657307148182815,0.8039589817079233,0.7841640731856383,1.0000000000000062,1.0000000000000009,1.0000000000000022,0.7521339356198794
2,6,12,2.386622722345965,1.2989129333297398,0.45657307106136824,0.5177194496400737,0.8901475584553935,0.9999999999999746,1.0000000000000049,0.9524192639266447,-1.6776937372777162e-14
2,6,12,0.8374324352359465,2.51123167138846,0.45657307168145495,1.0000000000000022,1.000000000000001,0.3368673532488274,1.0000000000000007,1.0072664716375914e-14,0.8695652173913052
2,6,12,2.151707490470104,2.1648548888737724,0.45657307168143213,1.0000000000000004,0.9999999999999976,0.9999999999999997,0.9999999999999993,0.6273175824823999,0.3458914094062009
2,6,12,1.5866227184972255,2.5112316711072915,0.23121786016146553,0.9999999999999964,0.9999999999999991,0.5738103625250757,0.2932764243496943,1.0000000000000016,1.0000000000000004
2,6,12,1.1590234109854547,2.5112316538384882,0.35657307243955244,0.999999999999998,0.9999999999999982,0.37571364629179715,0.9999999999999973,0.8854166587698242,0.999999999999998
2,6,12,2.3866227230080317,0.30918019591312557,0.5565730716814522,0.17379849780903056,1.0000000000000022,0.999999999999998,1.0000000000000022,1.1885499681510918e-14,2.5770466475797354e-14
2,6,12,1.9483599863198189,2.338043274823303,0.3565730724395524,1.0000000000000013,1.0,0.8130580377442955,1.0000000000000002,0.8854166587698271,1.0000000000000004
2,6,12,1.38662272143792,2.5112316711029514,0.30155576350061963,0.9999999999999811,0.9999999999999879,0.47070068116224834,0.661127179520886,0.9999999999999911,0.9999999999999996
2,6,12,1.486622690828259,2.5112316711029585,0.2716593735142965,0.9999999999999984,1.0000000000000018,0.5203989790154686,0.48382514393654824,1.0000000000000033,1.0000000000000029
2,6,12,1.186622723006049,2.5112316711042215,0.35657307168120733,1.0000000000000082,0.9999999999999968,0.39099426552867456,0.9454852028511047,0.8209082605707226,0.9999999999999869
2,6,12,2.1866227230080435,2.3380432989154425,0.24057195083812202,1.0000000000000058,1.0000000000000022,0.9999999999999989,0.3330717013928546,1.0000000000000018,1.0000000000000029
2,6,12,2.4866227230080913,1.4721013244403,0.25657307168145127,0.4801937560036958,0.07922497598521967,1.0000000000000386,1.0000000000000073,1.0000000000000195,0.8856886172329443
2,6,12,2.5866227230072436,0.9525361509982234,0.18009935030793073,0.24999999999999398,1.0846717549982494e-11,1.0000000000002431,0.7813151955173463,1.0000000000001383,1.0000000000001674
2,6,12,1.2866227223216506,2.511231671104592,0.35657307156995116,0.9999999999999892,1.0000000000000022,0.45914946754896785,0.7023369145589798,0.49100596171757827,1.0000000000000036
2,6,12,0.8404444698682961,2.3380430973683755,0.5565730716732253,0.9999999999999993,0.9999999999999978,0.3379320179187256,0.9999999999999982,1.7612880168382678e-15,7.156507819076202e-11
2,6,12,2.386622723008086,1.9916665025688998,0.1374781418847219,0.749999999999981,-4.912282775897394e-13,0.9999999999999867,0.6299468251520405,0.9999999999999694,0.9999999999999822
2,6,12,0.6866227229905741,2.684420062215165,0.16198735428242939,1.000000000000007,0.9999999999999901,0.2017450959350085,0.0603886267083064,0.9999999999999938,1.0000000000000033
2,6,12,0.2866226770699043,2.6844200622062075,0.2655461027907866,0.9999999999999962,1.0000000000000069,0.09205103835748922,0.45172958895733617,1.000000000000007,0.9999999999999968
2,6,12,2.086622722961276,2.338043279993411,0.29873772048599356,0.9999999999999984,1.0000000000000009,0.9131724362180903,0.6428350723807758,0.9999999999999997,1.0000000000000056
2,6,12,1.9866227226673108,2.3380432799933946,0.35657307156912904,1.0000000000000098,0.9999999999999971,0.8578235885421308,0.840295826252018,0.6873553524252152,0.9999999999999976
2,6,12,2.4866227230071587,0.6061593683729041,0.4565730716392567,0.2502120531397671,0.9991517874499051,1.0000000000000093,1.0000000000000016,0.9999999999999889,0.03422910860443265
2,6,12,0.38662271479813154,2.6844200622160876,0.25657307042727023,1.0000000000000593,1.0000000000000047,0.12364407386753962,0.339019300022292,0.8474016772550065,1.000000000000007
2,6,12,1.7506487546759528,2.1648548888825907,0.5565730716814558,1.0000000000000004,0.9999999999999957,0.775275978683245,0.9999999999999962,-3.9029682578697725e-15,-2.3758762244945628e-15
2,6,12,2.386622723008044,1.6452897155335655,0.3565730716777784,0.5976038250157735,0.6095846999368995,0.999999999999997,1.0000000000000002,0.9999999999999951,0.609589157897348
2,6,12,1.686622722790088,2.511231671103334,0.1718880785931395,1.0000000000000029,1.0000000000000036,0.6313407092594261,0.08803302522502984,0.9999999999999978,0.9999999999999956
2,6,12,1.7490102759837503,2.3380432794109,0.4565730716814557,0.9999999999999992,0.9999999999999988,0.7742117774345799,1.0000000000000004,-3.71478247073702e-15,0.8695652173913085
2,6,12,0.837432437994504,2.5112316710026716,0.45657307168145606,0.9999999999999992,1.0000000000000013,0.3368673542230338,0.9999999999999981,-3.648439144762321e-15,0.8695652173913041
2,6,12,0.1866227175063314,2.684420062212871,0.28123884820822365,0.9999999999999987,1.0000000000000087,0.06820524965322877,0.5368010513017288,1.0000000000000056,1.0000000000000102
2,6,12,1.749010269042584,2.338043281195075,0.4565730716814618,1.0000000000000013,0.9999999999999969,0.77421177292909,0.9999999999999961,-6.149504092519363e-14,0.8695652173912986
2,6,12,1.9866227102750882,2.33804327999644,0.33714060831861176,0.9999999999999977,1.0000000000000004,0.8336926675959215,0.9263845171677004,1.000000000000002,1.0000000000000018
2,6,14,1.6734022205424073,2.396739857323246,0.5384680804326317,0.9999999999998538,0.9999999999999971,0.4865759038565867,0.29263768287546454,0.6208027580682766,0.9999999999998318
2,6,14,0.09843542473422204,2.5967398573226403,0.49323819130066604,0.9999999999999547,0.9991618177181383,-4.2449903387719874e-13,-3.947338298524544e-13,0.9999999999999591,0.9999999999999298
2,6,14,1.5462647698768648,2.2967398570172883,0.6384680804327506,1.0000000000000007,0.9999999999999901,0.6594048470299687,0.9999999999999917,-2.5530639269859926e-14,-2.673318272770631e-14
2,6,14,2.6577564700707983,1.7560064904944561,0.5384680804327501,0.7019031940686958,0.9999999999999991,0.9999999999999984,0.9999999999999993,0.6915887850467252,0.9999999999999983
2,6,14,2.8546273174213335,1.296739845192241,0.4951109527276163,0.46646775290638337,0.9621165755307473,0.9999999999999988,1.0000000000000013,1.0000000000000064,0.999999999999998
2,6,14,2.6577564679071166,2.1967398573221164,0.2384680779819526,1.0000000000000113,0.3524837494582257,0.9570767302670407,0.8399045925866528,1.000000000000005,0.9999999999999987
2,6,14,3.051498166880669,0.2967398573223179,0.2608534035837023,0.13745286892072833,0.38455112539752667,1.0000000000000133,1.000000000000012,1.0000000000000095,1.0000000000000115
2,6,14,2.854627317400715,1.0967398573081588,0.5384680804327778,0.39419187013519774,0.9999999999999962,0.9999999999999952,0.9999999999999928,0.912093609415759,0.09253783817248704
2,6,14,2.8546273174133225,1.4967398553084263,0.3829983920699427,0.5599180014425349,0.6313192356506869,1.000000000000003,1.0000000000000022,0.9999999999999927,0.9999999999999962
2,6,14,2.6577564679128014,1.8967398573138683,0.5384680804327382,0.7948651384770838,1.0000000000000042,0.9999999999999971,0.9999999999999993,0.7955009006856477,0.5723616779480173
2,6,14,2.854627317404768,0.9967398573209189,0.538468080432757,0.35337162318647536,0.9999999999999585,0.9999999999999539,0.9999999999999547,0.8581532095968823,0.3145233297351921
2,6,14,3.0514981668808088,0.39673985732103734,0.20333445088905114,0.16272271243075026,0.29510035190935524,1.0000000000000029,1.0000000000000042,0.9999999999999982,1.0000000000000009
2,6,14,3.0514981668804464,0.5967398572680546,0.03903268806745989,0.21745273458175865,0.10136576022742376,0.9999999999999885,1.0000000000000093,0.9999999999999971,0.9999999999999944
2,6,14,3.051498166871138,0.19673963089646035,0.3080906935154689,0.11345188607857244,0.46951035678149283,1.0000000000000104,1.0000000000000107,1.000000000000003,1.000000000000012
2,6,14,1.9322845757463452,2.196739858004018,0.6384680804327485,0.9999999999999979,0.9999999999999866,0.9119300970634711,1.0000000000000007,-1.8978262327275502e-14,-8.040040070530049e-15
2,6,14,2.657756467928411,1.7967398573224698,0.5384680804327596,0.7276201670205988,0.9999999999999865,0.9999999999999926,0.9999999999999915,0.7190174779246209,0.8871203793096935
2,6,14,2.8546273174039234,1.3967398573035008,0.4463648253339211,0.5116409423223971,0.8022114804071335,1.0000000000000193,1.0000000000000104,1.0000000000000115,1.0000000000000118
2,6,14,2.8546273174049537,1.6967398572852461,0.1721179443506401,0.6670822039907334,0.25197692581959746,0.9999999999999993,1.0000000000000047,1.000000000000003,1.0000000000000013
2,6,14,2.4734004692623266,2.1967398574363033,0.5384680801937739,0.9999999999999973,0.9999999999999978,0.946969696682348,0.9999999999999982,0.6915887872801436,0.9999999999999987
2,6,14,2.6577564691695525,2.112007124525837,0.50546808043275,0.9479428061232686,1.0000000000000009,0.9999999999999984,0.9999999999999998,1.0,1.0000000000000004
2,6,14,2.2640147985974877,1.2260327324349263,0.6384680804327447,0.44781830883561136,1.0000000000000089,1.0000000000000093,1.0000000000000073,5.5676908665417727e-14,6.138612605995662e-14
2,6,14,2.264014768976472,2.2967398573221325,0.338468080392106,1.0000000000000575,0.5326089459508775,0.6986725674398133,0.933026531771447,1.0000000000000395,1.0000000000000222
2,6,14,2.6577564679081274,2.196739857322443,0.16324617847952883,0.9999999999999613,0.24033936501081976,0.9469696969697664,0.9999999999999906,0.999999999999982,0.9999999999999742
2,6,14,2.2640147672156075,2.296739857320745,0.4384680198511591,0.9999999999999292,0.7905524398280986,0.7162594486595812,0.654450333299595,0.9999999999997808,0.9999999999997394
2,6,14,2.6577564679284027,1.9967398573224635,0.5384680804327601,0.8691522927174903,1.0000000000000069,1.0000000000000089,1.0000000000000022,0.8889448439168414,0.18780391157267398
2,6,14,2.6577564632772077,2.196739857314055,0.43846794399978495,0.9999999999999767,0.8126823953542652,0.9997115759253254,0.16456863768021016,0.9999999999999952,0.9999999999999962
2,6,14,1.8702730700048047,2.39673985732233,0.4134339032535251,1.000000000000043,0.7520387915584265,0.5050505050506486,7.289571152459416e-12,0.9999999999999272,1.0000000000001026
2,6,14,2.854627317397957,1.5967398564823663,0.2969010359770583,0.6116126221347563,0.44832942802664516,1.000000000000006,1.0000000000000033,1.0000000000000024,1.0000000000000024
2,6,14,3.0514981668897914,0.09673980869975575,0.3476378300861053,0.09063475666611558,0.5502789563064796,1.0000000000000047,1.0000000000000029,1.0000000000000062,1.000000000000005
2,6,14,2.657756467467129,2.196739857319895,0.33846805661242707,0.9999999999999853,0.5451880903340818,0.9746995865569636,0.5607585490418658,1.000000000000005,1.0000000000000098
2,6,14,3.0514981668797185,0.49673985731242687,0.13155700615090718,0.1893550083666139,0.20082673798695627,1.0000000000000207,1.0000000000000138,1.0000000000000095,1.000000000000013
2,6,14,2.067143922718786,2.087188808047179,0.6384680804327496,0.9399954985321535,0.9999999999999992,1.0000000000000007,0.9999999999999996,9.992021356327624e-16,2.158853684531247e-15
2,9,12,0.22818932056582075,0.02479128571333382,0.26839802749469843,1.0000000000000056,1.0000000000000029,1.0000000000000049,1.2440681926037675e-14,0.7886984486222359,1.0000000000000098
2,10,12,0.2592507795175277,0.0867694999925177,0.25290344559006883,0.9999999999999982,0.9999999999999996,0.9999999999999938,1.0375280392043319e-09,0.9501003445424032,0.999999999999991
2,12,14,0.7796324317050617,0.22681154778987103,0.4410053155901633,0.9209424983006499,0.7771763425696572,0.9999999999999976,1.0,0.9999999999999979,0.9999999999999972
2,12,14,0.0824782885438251,0.26097786364412945,0.6410057914721516,0.9999999999999982,1.0000000000000056,0.647241822065621,0.9999999999999919,-3.139018164874685e-14,-4.185850022140403e-14
2,12,14,0.7796324261671277,0.26097786353175756,0.2410057133667115,1.0000000000000044,0.3442781167108486,0.7710433510770828,0.9992245499387258,1.0000000000000142,1.000000000000016
2,12,14,0.6596889806483177,0.2609778635277041,0.5410057914719448,1.0000000000000009,0.9999999999999951,0.6946335916223111,0.9022915237405705,0.8959372699322585,0.12198140206181478
2,12,14,0.7796324106054668,0.2609778635313357,0.34100572341149515,1.0000000000000033,0.5437396975123875,0.8894395640593273,0.5620693020204994,0.9999999999999977,0.9999999999999996
2,12,14,0.41980207898093347,0.3609778635312112,0.43428778000561213,0.9999999999999862,0.8100763820998158,2.449698774206403e-11,-5.721378232292906e-14,0.9999999999999919,0.9999999999999878
2,12,14,0.7796324268144661,0.06097781130729615,0.5410057914719026,0.30004930332567514,0.999999999999999,0.9999999999999959,0.9999999999999971,0.8706418408877925,0.2631278086634201
2,12,14,0.8995758827360134,0.10094238893154565,0.14100559916414787,0.36797669606798467,0.20508014073173128,0.9999999999999976,0.9999999999999982,0.999999999999996,0.9999999999999973
2,12,14,0.1799151771081125,0.18115351701036292,0.6410057914721446,0.7485185756037012,0.9999999999999836,0.9999999999999987,1.0000000000000164,-1.9924652148659797e-14,-4.297532449142449e-14
2,12,14,0.7796324317867819,0.26097786353356417,0.2407794715497006,0.9999999999999999,0.3438985620276767,0.7708333333333275,0.9999999999999967,0.9999999999999946,0.9999999999999968
2,12,14,0.2381948350753279,0.36097786353356665,0.5410057914721442,1.000000000000006,0.9999999999999999,-1.946988176185661e-14,-1.1136771455979852e-14,0.5557692840351962,0.9999999999999947
3,5,9,0.46304191544865847,0.0033201618849162218,0.35206575896779796,0.9999999999999982,0.7782217204108359,0.9999999999999996,3.8417067305118735e-09,0.9999999999999982,1.0000000000000009
3,6,9,0.1558122599614912,0.0347077999986673,0.4726931753653362,1.0000000000000029,1.0000000000000027,1.0000000000000016,2.275248616062162e-15,0.26763815727286444,1.0000000000000027
3,6,10,0.7393877206177809,0.02135864615301017,0.9938280631126089,1.0000000000000029,0.9999999999999951,0.9999999999999984,1.7479637258021458e-12,0.6814931112871401,0.9999999999999922
3,6,10,0.9911119616730492,0.021358646153006203,0.6933363801929735,0.9999999999999993,0.6060606060555196,0.9999999999999968,2.194781303314214e-12,0.9999999999999946,0.9999999999999956
3,7,10,0.3574954331770309,0.2140911204977089,1.2290460705994777,0.9999999999999982,1.0000000000000009,0.9999999999999989,0.9999999999999991,0.2845140067708727,0.9999999999999991
3,7,10,0.3911119616720402,0.19970416237637645,1.2290460747787182,1.0000000000000162,0.9999999999999976,0.9999999999999977,1.000000000000009,0.310643874921422,0.863807833298906
3,7,10,0.926111961672213,0.24309111946952872,0.9100448948520564,0.9999999999999991,0.9999999999999996,0.9999999999999996,3.545448601371959e-08,1.0000000000000004,0.9999999999999989
3,7,10,0.49111195282569314,0.12811395945007467,1.229046074777053,0.9999999999999966,1.000000000000003,0.9999999999999972,1.0000000000000164,0.39663596654750416,0.41560662851050123
3,7,10,0.9261119616722128,0.21409112049770895,1.1059824797640674,1.0,1.0,1.0,1.0,1.0,1.0
3,9,10,0.5752312753853439,0.8191602867596031,1.627535676691651,1.0000000000000024,1.0000000000000056,1.0000000000000038,1.0000000000000002,0.22640341259420013,0.851476136112113
3,9,10,0.47523129605605313,0.4735824639050526,1.7397795164604362,1.0000000000000033,1.0000000000000016,1.0000000000000016,1.0000000000000022,0.13564946193394148,0.21572508180144492
3,9,10,1.2752312976091738,0.02749665322485207,0.9540726380569902,2.942042464993397e-14,1.374982055830256e-14,1.0000000000000142,1.0000000000000193,1.0000000000000058,0.16399504253678326
3,9,10,0.23191861922284104,0.9233668780969196,1.6275356848872293,1.0000000000000038,1.0000000000000027,0.393258437531244,1.0000000000000013,0.09514971778874148,1.0000000000000049
3,9,10,1.0752312976077558,0.8425024197589251,1.403047991851971,0.779191041979171,0.8107197662617596,0.9999999999999993,0.9999999999999996,1.000000000000002,0.9999999999999991
3,9,10,0.3752312883315415,0.5392836696463194,1.7397795164652312,1.0000000000000027,1.0000000000000062,1.0000000000000033,1.0000000000000033,0.060506868859333575,0.3007548581438131
3,9,10,0.15074782378193213,0.6233668792497181,1.7397795164611145,1.0000000000000295,1.0000000000000173,0.5811485267468418,1.000000000000023,-2.783482442611337e-13,0.36922315714367687
3,9,10,1.175231318741733,0.9233668793298034,0.7520809284279528,0.9999999999999996,0.09090896283297845,1.0,0.6727272709539138,0.9999999999999982,1.0000000000000027
3,9,10,0.8752312975834592,0.590792754569639,1.627535676689326,1.0000000000000007,1.0000000000000027,1.0000000000000002,1.0000000000000009,0.6461412592389919,0.3765096254504019
3,9,10,0.9752312916181708,1.1233668790372027,0.06867120535139297,1.0000000000000022,0.1871555760851008,-2.9506932188255447e-15,-5.755162046770584e-15,1.0000000000000013,1.0000000000000093
3,9,10,0.475231265251138,0.8546267952811181,1.6275356766933802,0.9999999999999967,0.9999999999999983,0.9999999999999973,0.9999999999999967,0.13564943657458112,0.9541714247544907
3,9,10,0.8179855875723219,0.923366878096919,1.515291839203231,1.0000000000000002,1.0,0.3932584375312418,1.0000000000000016,0.7477302159515193,1.000000000000004
3,9,10,0.7752306048712632,0.7004168412429191,1.6275356766804887,1.0000000000000018,1.0000000000000002,1.0000000000000004,1.0,0.47417174724548905,0.5711067048696054
3,9,10,0.85978946168688,1.0233668790379777,1.2908041567738924,0.9999999999999991,1.000000000000001,0.06409751359658983,0.5714867956916692,1.0000000000000002,1.0000000000000044
3,9,10,0.46386359542257644,1.0233668790371973,1.4030479934104403,0.9999999999999993,1.0,2.283030152120129e-14,0.6060606060606107,0.452743192622559,1.0000000000000056
3,9,10,0.9752312971007867,0.39431279282217546,1.6275356766898301,1.0000000000000016,1.0000000000000009,0.9999999999999984,1.000000000000001,0.8661230955954637,0.12758281062265328
3,9,10,1.1752312976088601,0.7120715355544752,1.290804157039883,0.08063193578910363,0.5645229421711635,1.0000000000000024,1.0000000000000009,1.0000000000000009,1.0000000000000018
3,9,10,0.9752312970996999,0.8244058792654665,1.5152918369143304,0.9999999999999996,0.9999999999999971,0.9999999999999992,1.0000000000000009,0.866123095592746,0.866029124938214
3,9,10,1.1752312976071801,0.8370121381218154,1.0663164404326058,0.7384473724661699,0.2256483232870875,0.9999999999999993,0.9999999999999982,0.9999999999999969,1.0000000000000004
3,9,10,1.275231297609152,0.6434658271241833,0.8418287982876128,2.8933820549582343e-14,3.1065161515014715e-14,0.9999999999999931,0.9999999999999877,0.9999999999999586,0.9024413568091074
3,9,10,0.9830408085866181,1.0233668790251986,1.0663162802749984,0.9999999999999928,0.9999999999999996,0.6738267443414008,0.2426025440340266,1.0000000000000004,0.9999999999999998
3,9,10,0.9246118533271609,0.8693668790371992,1.5152918381006244,1.0000000000000002,1.0000000000000018,0.9999999999999984,1.0000000000000004,0.7477302223620259,1.0000000000000018
3,9,10,0.6752312976077969,0.770566378944467,1.627535676689364,0.9999999999999986,1.0000000000000004,1.0000000000000009,1.0000000000000049,0.33719371693926636,0.7261081601577426
3,9,10,1.075231295060366,1.0233668790357722,0.7295849318943699,1.0000000000000049,0.6446564398929377,0.9260744100221282,0.10654168187548811,1.0000000000000044,0.9999999999999944
3,9,10,1.1752312976091657,0.30164274474644054,1.4030479980776753,9.706376422074664e-14,0.6060606060606275,1.0000000000000053,1.0000000000000016,1.0000000000000053,0.400914176087806
3,9,10,0.6752312975818756,0.22547332974742132,1.7397795164610286,0.8944415782725855,1.0000000000000353,1.0000000000000138,0.9999999999999977,0.32629023189442163,2.259510671341881e-13
3,9,10,1.0752313102313371,0.6629931679060806,1.5152918425666486,0.41176455738631956,1.0000000000000027,1.0000000000000007,0.9999999999999984,0.9999999999999976,0.7145368011858182
3,9,10,0.6705804000936751,1.1233668790371871,0.841828798762795,0.9999999999999828,0.9999999999999933,1.1944326746700633e-14,2.0348180606930243e-14,0.7047446482012769,0.9999999999999841
3,9,10,0.27919076168355833,0.2515129715542695,1.7959014363242671,0.9999999999999993,0.9999999999999976,0.9999999999999982,0.9999999999999941,-1.2489290668382317e-14,1.488439216714224e-10
3,9,10,0.5752308137433588,0.3799018315963528,1.7397795164766043,0.9999999999999999,0.9999999999999991,1.000000000000003,0.999999999999998,0.22640295134969932,0.11303034367196743
3,9,10,1.0752313046533608,0.923366879329804,1.2137390264085295,1.0000000000000016,0.6969696542776636,1.0000000000000004,0.6727272709539147,1.0000000000000009,1.0000000000000038
3,9,10,1.275231297609169,0.8233668790373166,0.09148942821478898,1.8252068177585796e-14,2.6649118777943644e-14,1.000000000000002,0.18887577277410486,0.999999999999999,0.9999999999999944
3,9,10,0.9925471377759,0.9233668790401574,1.4030479901488961,0.999999999999997,0.9999999999999978,0.7401271645150479,0.8129011051830402,0.999999999999998,1.0000000000000009
3,9,10,0.2791907616835585,0.25151297155426977,1.7959014363242671,0.9999999999999996,0.9999999999999971,0.9999999999999984,0.9999999999999937,-1.2489290668382317e-14,1.488439216714224e-10
3,9,12,0.21474373425519896,0.4640162249414599,0.0803237657112013,0.9999999999999984,0.9999999999999953,0.3651319822602196,0.9999999999999946,0.9999999999999973,-1.300922716996265e-14
3,9,13,1.386936737189459,0.39229041789599295,1.5389779388817622,0.9999999999999986,0.9999999999999942,1.0000000000000002,1.0000000000000004,0.7015683184699364,0.31949729516987363
3,9,13,1.8693495153459048,0.4599625273322499,0.20367477287138672,0.7094305561085363,-2.583514149038908e-14,0.9999999999999937,0.8636553929540204,0.9999999999999933,1.0000000000000049
3,9,13,1.748746302239176,0.48196252724731503,0.9293210565218747,1.0,0.4187982985849448,1.0000000000000004,1.0000000000000004,0.9999999999999991,1.0000000000000009
3,9,13,1.6281431245262385,0.48196252724731503,1.3727587598173383,1.0,0.9454497296458126,1.0000000000000004,1.0000000000000004,1.0000000000000004,1.0000000000000009
3,9,13,1.6281431264224733,0.5599625272473169,1.2210712505934247,0.9999999999999988,0.9454497213653121,0.9999999999999987,0.12359550561795779,1.0000000000000013,1.000000000000001
3,9,13,1.8693495153459299,0.29232834354266723,0.7389779396296726,-4.918672221414092e-13,0.2633257522673621,1.0000000000000253,1.000000000000011,0.9999999999999727,0.8953035277670854
3,9,13,1.5075399326913315,0.25273507798023115,1.5389779388819183,0.7251490687785205,0.9999999999999762,0.9999999999999826,0.9999999999999937,0.8163265306122326,-9.21049355647594e-13
3,9,13,1.7487463208064538,0.47952637085370553,0.9389779369261352,0.9770965180873594,0.42729950991809873,0.9999999999999969,0.9999999999999942,0.9999999999999925,0.999999999999998
3,9,13,0.9588148676545608,0.6599625272473162,1.3389779417133985,0.999999999999999,1.0000000000000022,-7.3446765237919e-15,-1.1639650416669554e-14,0.5432897384975609,0.9999999999999974
3,9,13,1.7487463208079386,0.40741016599532415,1.1389779388499242,0.4342822781150591,0.6287807780236493,1.0000000000000027,1.0000000000000033,1.000000000000008,1.0000000000000033
3,9,13,1.8693495153459152,0.4599625273322506,0.20367477287124494,0.7094305561085281,-8.253722143973612e-14,0.9999999999999855,0.8636553929540096,0.9999999999999902,1.000000000000005
3,9,13,1.8693495153375828,0.3876773786384273,0.5389776567826473,0.320848216826547,0.1442336194204634,0.9999999999999969,1.0,0.9999999999999949,0.9999999999999991
3,9,13,0.6633175599074154,0.45996252631684653,1.6389779388821275,1.0000000000000007,1.0000000000000226,0.5732929926321245,0.9999999999999892,0.22625205260510373,0.5064573535395834
3,9,13,1.8693495153458155,0.4320006134302322,0.33897793882733557,0.5940004130852645,0.042845249594166024,0.9999999999999941,0.9999999999999969,0.9999999999999981,0.9999999999999949
3,9,13,1.929651112615131,0.3599625265154775,0.0812996752578111,3.818175180898538e-15,-2.237963881997445e-14,0.9999999999999887,0.5277737994507037,0.9999999999999973,0.9999999999999969
3,9,13,1.7487463208042944,0.343208479170209,1.2389777995101816,0.1038958267089885,0.7514133036706112,1.000000000000002,0.9999999999999994,0.9999999999999982,1.000000000000001
3,9,13,1.929651087223546,0.3179344717938961,0.2404238308840462,2.9872447560030935e-07,-1.3322676295501878e-15,0.9999999999999984,0.9999999999999989,0.9999999999999956,0.9999999999999984
3,9,13,0.10743248209888553,0.35996252532404305,1.7389779388818463,1.0000000000000182,1.0000000000000122,0.6353982700964504,0.9999999999999983,3.4869726579729985e-14,1.0209180679038124e-14
3,9,13,1.5577563257963922,0.5599625226242722,1.3480831520631116,1.0000000000000004,1.0,0.5617977787811408,0.5617977787811408,1.0000000000000002,1.0000000000000016
3,9,13,1.8693495153431503,0.41232910358801234,0.43897792625962867,0.464497035051488,0.0909141890506383,0.9999999999999942,0.9999999999999927,0.9999999999999918,0.9999999999999958
3,9,13,1.507539935544034,0.6599625272473185,0.9553037427782279,0.9999999999999939,0.6909046542993293,-1.4516061345760707e-14,-3.652615533024971e-14,1.0000000000000016,0.9999999999999953
3,9,13,1.7487463208280805,0.5599625272473155,0.6808124458613048,0.9999999999999989,0.4187982174106925,1.0000000000000007,0.12359550561796875,0.9999999999999991,0.9999999999999991
3,9,13,1.62814312723259,0.41729757220910296,1.4389779390606623,0.8530351221474968,1.0,0.9999999999999984,0.9999999999999991,0.9999999999999969,0.6249999979680358
3,9,13,1.869349515346867,0.4599625268292583,0.23897793324707742,0.6248632400679937,0.031389615119638524,0.9999999999999397,0.7350161972102662,0.999999999999878,1.0000000000002243
3,9,13,1.3974197954439065,0.6599625272473164,1.2389779386503563,0.9999999999999993,1.0000000000000004,-1.4127569552153624e-15,-1.4010549356452042e-14,0.9514530163058885,1.0000000000000009
3,9,13,1.0251271532405066,0.3434065803557097,1.638977938881899,1.0000000000000002,1.0000000000000036,1.0,1.0000000000000007,0.38333118213847034,0.0691347770003047
3,9,13,1.8693494853029315,0.4478279035573416,0.24042383088403038,0.7094309095552083,-8.43769498715119e-15,0.9999999999999984,0.9999999999999973,0.9999999999999893,0.9999999999999978
3,9,13,0.21519076168355059,0.32751298301018716,1.7389779345903142,0.9999999999999991,0.9999999999999971,0.999999999999998,0.9999999999999982,-9.325873406851315e-15,4.8767441418462454e-08
3,9,13,1.628143130082479,0.6599625272473125,0.13401613609602453,1.0000000000000022,0.16425314976465144,1.1980360803789336e-14,2.2042575646019716e-14,0.9999999999999968,1.000000000000003
3,10,12,0.8063213477594591,0.9764741842997076,0.05553247999786777,0.9999999999999949,0.9999999999999909,0.7823877555445939,1.0000000000000007,0.9999999999999947,-2.470875523654713e-14
3,10,12,0.9911119649595006,0.6933363782003388,0.05553247964396503,0.6060605861376553,1.000000000000001,1.0000000000000013,0.9999999999999989,1.0000000000000004,7.078051189601808e-08
3,10,13,2.0099519335629723,1.4040948725012983,1.2603088611572824,0.4138292730134966,0.13850729236172776,1.0000000000000004,0.9999999999999964,1.000000000000004,0.9999999999999991
3,10,13,1.7100904299426305,1.7859511398910182,1.2603085184385958,1.0000000000000024,1.0000000000000013,0.9738997748793008,0.13315261770979767,1.0000000000000013,1.0000000000000033
3,10,13,1.4099519335610404,1.9859511398914316,0.884901962839749,0.9999999999999956,0.7677081564086389,4.7925406052183626e-14,5.3894618753141485e-14,1.0000000000000078,1.0000000000000162
3,10,13,1.461309313579364,1.885951139891421,1.4085805161688358,0.9999999999999953,0.9999999999999978,0.19980740371237726,0.2689882236126821,0.9999999999999977,0.9999999999999984
3,10,13,0.9099519175892162,0.9901728798615425,2.2982103158584977,1.0000000000000024,1.0000000000000018,1.0000000000000004,1.0000000000000016,0.1078285114797212,0.2030546014129398
3,10,13,1.246101348953132,1.9859511398914578,1.1120372496107782,1.000000000000002,1.0000000000000033,-1.8301190286821137e-14,-1.5365984792947513e-14,0.8695782776918453,1.0000000000000082
3,10,13,1.1806499687103265,1.7859511398914436,1.8533954150567604,1.0000000000000013,1.0000000000000009,3.685719835488754e-14,0.8196721311475379,0.800681899293187,1.000000000000006
3,10,13,1.909951956990605,1.6859511385879613,0.8707286078868646,0.9999999999999987,0.1528383256350494,0.9999999999999989,0.52459016927658,0.9999999999999969,1.000000000000001
3,10,13,0.48064477934187555,1.8859511398914477,1.7051237809450959,1.0000000000000002,1.000000000000001,-1.4144749193845658e-14,0.4098360655737756,0.30685091596750214,0.9999999999999986
3,10,13,1.6099519194539573,0.8651814462780073,2.149938682585808,1.000000000000001,1.0,1.0000000000000013,1.000000000000002,0.8061962450234951,0.10591221228300053
3,10,13,1.8099519335610883,1.4489347826177144,1.853395416014689,0.5455317774041778,0.9169749202107218,1.0000000000000004,0.9999999999999977,1.0,0.9999999999999988
3,10,13,1.0099519327992244,1.4517612592685663,2.149938682581767,0.9999999999999972,0.9999999999999992,0.999999999999998,0.9999999999999981,0.16962756321746492,0.7695689231192435
3,10,13,2.109951933561053,1.0431442418918397,1.1120372496107112,-6.666367199256604e-14,-7.329484073079496e-14,0.9999999999999928,0.9999999999999967,0.9999999999999878,0.7966784485561474
3,10,13,2.009951933561031,1.209625374396446,1.556852149478362,1.2660256852210851e-15,0.43668122270742527,0.9999999999999998,0.999999999999994,0.9999999999999982,0.9929745985610923
3,10,13,1.009951933447641,0.9097440106533633,2.29821031586199,1.000000000000002,1.0000000000000009,0.9999999999999998,1.0,0.16962756364546222,0.13862580233166374
3,10,13,0.5632529181899074,1.5859511399748523,2.1499386825809044,1.0000000000000049,1.0000000000000056,0.7600990361647768,1.000000000000004,2.1224446436697104e-14,0.9464146805198449
3,10,13,0.2275622322716999,1.7859511398914476,2.0016670495812194,0.9999999999999988,0.9999999999999951,-3.9492974705841996e-14,0.8196721311475476,0.1954915542954158,0.9999999999999931
3,10,13,1.1099518854503434,0.8051678854231017,2.2982103158726774,0.9999999999999954,0.9999999999999947,0.9999999999999939,0.9999999999999943,0.2403511643277261,0.06489268668124636
3,10,13,1.909951956990604,1.7859511374642674,0.23813050593776755,0.9999999999999993,0.1528383256350503,0.9999999999999989,0.11475410830811161,0.9999999999999953,0.9999999999999993
3,10,13,1.1099519335592785,1.4079367541074739,2.1499386825808977,0.9999999999999984,0.9999999999999988,0.9999999999999981,0.9999999999999974,0.24035120075783278,0.6958357690914904
3,10,13,0.3904633806767216,1.9859511398914762,1.2603088828945253,1.0000000000000084,0.9999999999999939,-6.3505368389312e-14,-6.60871786835259e-14,0.2643879377578454,1.0000000000000016
3,10,13,1.1458380439131648,1.6859511460016152,2.00166704717178,1.000000000000003,1.0000000000000022,0.32558135982460645,1.0000000000000053,0.5537921850256766,1.000000000000004
3,10,13,0.8099519334692771,1.0539369590651526,2.298210315862499,1.000000000000003,1.000000000000005,1.000000000000001,1.000000000000001,0.05357154963985207,0.2596203701225912
3,10,13,2.009951933561061,1.5859511379346163,0.5930144424451843,0.6060606060605913,-1.3893063499424698e-13,0.9999999999999961,0.5157571885857799,0.9999999999999898,1.000000000000016
3,10,13,1.809951944913506,1.7859511374642674,0.8879479375295941,1.0,0.5895196010809027,0.9999999999999998,0.11475410830811295,1.0000000000000004,1.000000000000001
3,10,13,1.2099519322956804,1.3530702540795838,2.1499386825827944,1.0000000000000042,1.000000000000001,1.0000000000000038,1.0000000000000024,0.3217097154614989,0.6110151899242923
3,10,13,1.8099519383149534,1.0670892331949937,2.001667056508695,0.43030300149137757,1.0,0.9999999999999967,0.999999999999998,0.999999999999998,0.5348045786994637
3,10,13,1.2839089996912478,1.8859511398914484,1.5568521472403432,1.0000000000000042,1.000000000000003,9.869183339310055e-16,0.4098360655737677,0.9120412576195306,1.0000000000000004
3,10,13,2.0099519335610236,1.4859511388305948,1.0076906610512189,0.6060606060606283,4.3872565566081403e-14,1.0000000000000042,0.9255932504875048,1.0000000000000069,0.999999999999996
3,10,13,2.1099519335610357,1.3859511398914266,0.26052330320430916,-5.986537613946228e-15,-9.363973013996593e-15,1.000000000000007,0.2991690658088183,0.9999999999999961,1.0000000000000018
3,10,13,0.9099517809884273,1.4874621642521713,2.1499386825864115,0.9999999999999982,0.9999999999999997,0.9999999999999971,0.9999999999999964,0.10782843249600275,0.8339978040644027
3,10,13,1.7099519324358656,1.3082980070706345,2.001667049298682,1.000000000000002,1.0000000000000062,1.0000000000000029,1.000000000000003,0.9879822800068814,0.5473337217136404
3,10,13,1.4041398148559223,1.5859511407342277,2.0016670471717783,1.0,0.9999999999999991,0.9069767392861547,1.0,0.5537921850256724,0.9999999999999993
3,10,13,1.9099519335610284,0.3295698170632113,2.0016670501290648,2.4462801210128335e-14,0.8733624454148468,0.999999999999997,1.000000000000002,1.0000000000000009,0.27705613021030107
3,10,13,1.7159519335610327,1.585951139711655,1.8620499101202976,1.0,0.9999999999999998,1.0,0.9344262302450486,1.0000000000000004,1.0000000000000009
3,10,13,1.609951919444621,1.432729774526064,2.001667049291116,1.0000000000000009,1.0,1.0000000000000009,0.9999999999999996,0.8061962450080172,0.7368553327020791
3,10,13,1.4817289175155235,1.78595113989143,1.705123782734698,1.0000000000000027,0.9999999999999983,0.24526186513760498,0.6467826196571651,0.999999999999998,0.9999999999999984
3,10,13,0.42341508929664157,1.185951139434243,2.29821031586237,1.0000000000000067,0.9999999999999951,0.5676740267596334,1.0000000000000144,-7.46487098811555e-14,0.31547156017328143
3,10,13,1.5099519335596674,1.5195005712958543,2.0016670492993853,1.000000000000003,1.0000000000000004,1.000000000000006,1.0000000000000022,0.6540573577178955,0.8954682151608515
3,10,13,0.8099519335616339,0.16305600677468612,2.3723461325030573,0.31612138248835414,0.9999999999999626,1.0000000000000027,1.0000000000000024,-4.582473576224844e-15,-1.7401009430229612e-14
3,10,13,0.709951933557818,1.1056548298456936,2.2982103158623732,0.9999999999999991,1.0,0.9999999999999987,0.9999999999999993,0.005728134295176135,0.3094996754824573
3,10,13,1.2099519336083329,0.6276477304460253,2.298210315862408,0.8652192923119284,1.0000000000000218,0.9999999999999968,1.0000000000000093,0.3025951699621346,-2.0267428497351776e-13
3,10,13,0.7099519335610655,0.6591299966869315,2.3723461325030604,0.9221819885525412,0.9999999999999936,0.9999999999999954,1.000000000000004,1.010613653192932e-14,1.7995438822202383e-14
3,10,13,1.541274132606341,1.8859511398930089,1.2603088560027385,1.0000000000000018,1.0000000000000022,0.3925040296901109,0.13315289709729733,1.000000000000003,1.0000000000000033
3,10,13,0.3598058227916013,0.785951139891,2.3723461325030915,0.9999999999999851,0.9999999999999684,0.49473103698954884,0.9999999999999616,-1.18904096583372e-13,-1.0525744723076818e-13
3,10,13,1.409951933231665,1.1891603861373619,2.1499386825814124,1.0,0.9999999999999993,0.9999999999999992,1.0000000000000038,0.5254622686263842,0.3985923153540143
3,10,13,1.5099519335457252,1.5195005713056962,2.001667049299583,1.0000000000000047,1.000000000000004,1.0000000000000024,1.000000000000004,0.6540573576984509,0.895468215180294
3,10,13,2.00995193356103,0.4878566164090961,1.7051237933584822,2.638167684103244e-14,0.43668122270742926,1.0000000000000084,0.999999999999999,1.0000000000000018,0.3620314331137955
3,10,13,1.709951933477866,0.5546861683860491,2.149938682580891,0.746237810487208,1.0000000000000036,1.0000000000000027,1.0000000000000022,0.9077855098863845,6.794313871730375e-14
3,10,13,1.5099519335503717,1.0591993483755058,2.1499386825808475,1.0000000000000002,0.9999999999999977,0.9999999999999999,0.9999999999999999,0.6540573577049295,0.2645250948277142
3,10,13,1.3099519345150645,0.08671544023259775,2.298210315862034,0.2591586807558525,1.0000000000000417,1.00000000000003,1.0000000000000546,0.30259516996211044,1.536238416196361e-12
3,10,13,2.009951933561074,1.3300849113758837,1.4085805161682592,0.228241274916019,0.27222790235290667,1.000000000000001,0.9999999999999973,0.9999999999999986,0.9999999999999987
3,10,13,1.9099519335610307,1.1419830638974002,1.853395415615541,3.6559245100674725e-15,0.8733624454148491,0.9999999999999989,0.9999999999999981,0.999999999999999,0.9079992557997634
3,10,13,1.5601196648070441,1.6859511398912645,1.853395416013977,1.0000000000000002,1.0000000000000013,0.44422251388992834,0.9163677361111252,1.0000000000000013,1.0000000000000013
3,10,13,0.6971119616721578,0.6990448782533409,2.372346132503074,0.9999999999999949,0.9999999999999933,0.9999999999999938,0.9999999999999941,-2.4024779379627168e-14,-2.509093193631129e-14
4,6,8,0.8019821999009589,0.08603937110623039,0.3392551724051374,0.38765155895987874,0.3529174316776495,1.0000000000000024,0.9999999999999991,0.9999999999999977,0.9999999999999978
4,6,8,0.3950757640703563,0.26432980289820796,0.665255185447196,0.9999999999999962,0.9999999999999997,9.495537792473738e-12,0.9999999999999991,0.9999999999999999,0.9999999999999999
4,6,8,0.17037192961907674,0.2003298028988164,0.7392551844935213,1.0000000000000027,0.9999999999999989,1.0000000000000013,1.0000000000000018,1.288749240657694e-08,1.0000000000000018
4,6,8,0.7104476798948457,0.20032980289881613,0.6652551854471961,1.0,1.0,1.0,1.0,1.0,1.0
4,6,8,0.8019821999020714,0.14243374812912635,0.13925518101183823,0.6337198467983695,0.1473413937225424,0.9999999999999971,0.9999999999999976,0.999999999999998,1.0
4,6,8,0.8019821999013892,0.11947643645574918,0.2392551853802251,0.5234275579603447,0.23948431858321065,1.0000000000000013,0.9999999999999994,0.9999999999999993,1.0000000000000022
4,6,9,0.2493719158315397,0.19132980350220077,0.03470779992043619,1.0000000000000022,1.000000000000002,1.0000000000000022,1.0000000000000027,1.0000000000000022,8.692347952532486e-09
4,6,10,0.2493719158315394,0.19132980289982635,0.10812814614956308,0.9999999999999962,0.9999999999999956,0.9999999999999973,0.9999999999999976,0.9999999999999976,3.275418825054999e-11
4,6,12,0.4082193115163972,0.35176910523930555,0.16068892420744493,6.111010287095204e-16,-2.4513318532394194e-15,0.9999999999999922,0.6020866299615258,0.9999999999999982,1.0000000000000018
4,6,12,0.044129663832658636,0.562830568382903,0.12098248448502907,0.9999999999999954,1.0000000000000109,2.7512205993770392e-14,3.8527601144996153e-14,0.38811889384862436,1.000000000000011
4,6,12,0.20559740829976966,0.3517690889015014,0.4209824844845085,1.0000000000000016,1.000000000000003,1.0000000000000004,1.0000000000000009,0.16819451928131712,0.7759613110127397
4,6,12,0.3082193116897929,0.49247676003461366,0.03261390553326734,1.0000000000000009,0.5151515125243162,1.0000000000000016,0.05724151665129784,1.0000000000000016,1.0000000000000009
4,6,12,0.04792796552254599,0.4924767473350521,0.32098248459031997,0.9999999999999971,1.0000000000000007,-1.0656186684756173e-13,0.633818207638394,0.40028617880043277,0.999999999999996
4,6,12,0.27375767355085356,0.49247674733504354,0.12098248448464513,0.9999999999999997,0.9999999999999968,0.960835152194917,0.07982316493143642,0.9999999999999991,0.9999999999999996
4,6,12,0.2344486543273777,0.4924767473350418,0.22098248448368343,0.9999999999999987,1.0000000000000022,0.4633642974610612,0.36665320730052253,1.0,1.0000000000000013
4,6,12,0.1833719158422825,0.08932980289881334,0.5209824844802262,0.9999999999999996,1.000000000000001,1.0000000000000029,0.9999999999999977,7.424379709110307e-11,-4.1582864482799154e-15
4,6,12,0.1746791265563943,0.5628305683751997,0.08182209369131993,1.0,0.9999999999999996,1.2043334168473918e-10,-7.695659901380494e-16,1.0000000000000004,0.9999999999999978
4,6,12,0.30821931168979294,0.3735165485884267,0.32766846469049626,0.7575757562621588,0.7575757562621588,1.0000000000000027,1.0000000000000009,1.000000000000002,1.0000000000000022
4,6,14,0.1573393259062012,0.20217860398263865,0.06327763061746089,1.0000000000000033,1.000000000000001,0.5804874830746984,1.0000000000000009,2.0300601477618585e-15,8.037680830756798e-12
4,6,14,0.2427476596226971,0.15559380294429195,0.06327763061745074,0.8579432758950115,1.0000000000000029,1.0000000000000013,1.0,1.8268894643597156e-11,-3.008009328324484e-15
4,8,12,0.7017548905991162,0.6652551854471961,0.1968220936913202,1.0,1.0,1.0,1.0,1.0,1.0
4,8,12,0.7938327099368062,0.1392551852998892,0.13584344285926683,0.14734139729829365,0.6254880344809911,1.0000000000000009,1.000000000000001,1.0000000000000022,1.0000000000000013
4,8,12,0.7938327099347604,0.33925516826057134,0.0784106170814301,0.35291742643989,0.3794197572061667,1.0000000000000069,1.0000000000000027,1.000000000000002,1.000000000000001
4,8,12,0.16167914032334282,0.739255184493521,0.19682209369131995,0.9999999999999967,0.9999999999999984,1.2887487743640236e-08,0.9999999999999993,0.9999999999999998,1.0
4,8,12,0.79383270993651,0.23925518311057598,0.11234097017638317,0.2394843162738286,0.515195752681441,1.000000000000005,0.9999999999999993,0.9999999999999998,0.999999999999998
4,8,12,0.3950757951715,0.665255185447196,0.26082209065148326,0.9999999999999993,0.9999999999999978,0.9999999999999989,0.9999999999999989,4.74974466424527e-08,0.9999999999999993
4,8,14,0.44507576437308505,0.6652551854471961,0.03045680455570947,1.0,0.9999999999999991,1.0,1.0,8.692343067551178e-09,1.0000000000000004
4,10,12,0.07660916770769732,0.08676949999666776,0.2372659302669804,0.9999999999999905,0.999999999999984,0.9999999999999911,-1.4094893429798497e-14,0.28994005350525476,0.999999999999988
4,12,14,0.2351364150854167,0.14795543983061654,0.07000097099112197,0.8415562351331429,0.9999999999999994,1.0000000000000007,0.9999999999999988,7.026083197452654e-09,-1.054961635271946e-14
5,9,10,0.0033201619002830385,0.845007009086129,0.71324301968144,2.9595679411831333e-15,0.9999999999999996,1.000000000000002,0.5607537724782526,1.0,0.9999999999999993
5,9,10,0.003320161884916237,0.44913289532410156,1.0790623903898926,3.841701845530565e-09,0.9999999999999982,0.9999999999999978,0.9999999999999962,0.9999999999999982,0.4732729877148676
5,9,13,0.003320161884916232,0.35350272302864416,0.5017458534939001,3.84170295575359e-09,0.9999999999999989,0.9999999999999978,0.9999999999999971,0.9999999999999991,0.8145224703425911
6,9,10,0.041018309089068235,0.769531381545532,0.9949998845230452,1.4766011764005826e-11,1.476650653966724e-11,0.9999999999999991,0.9999999999999991,0.9999999999999972,0.9999999999999991
6,9,10,0.04101830908925369,0.30645654981475406,1.0974933017943027,9.28311612095785e-15,8.922360680146957e-12,1.0000000000000016,1.0000000000000016,1.0000000000000018,0.3257012021615084
6,9,12,0.4375545893182197,0.04225297391134012,0.1094288950448239,1.0000000000000044,0.3247399265501952,8.966395551382456e-12,3.266404740095383e-14,1.000000000000001,1.0000000000000067
6,9,13,0.03470779999866728,0.43064219436307966,0.3706150702432667,8.0524603429374875e-16,0.9999999999999997,1.0000000000000007,0.6324966326236975,0.9999999999999998,0.9999999999999993
6,9,13,0.03470779992043614,0.35050272362257917,0.5017458534938999,8.692336184168425e-09,0.9999999999999978,0.9999999999999936,0.999999999999996,0.9999999999999969,0.8145224703425886
6,10,12,0.33296088861695305,0.11347729999533544,0.3506691524853794,0.9999999999999996,0.9999999999999996,0.9999999999999996,0.9999999999999993,0.8260869484091975,0.9999999999999998
6,10,12,0.4309525841883046,0.11347729999533548,0.19474172206265566,1.000000000000002,0.47355541677534596,1.0000000000000009,1.0000000000000009,1.0000000000000029,1.0000000000000018
6,10,12,0.43095257245957874,0.121477299986893,0.13732482858794556,1.000000000000007,0.38421755614743136,2.110642380922373e-09,4.920872497346537e-15,0.999999999999997,1.0000000000000024
6,10,13,0.02135864615295118,0.7603089458536574,1.4442566850198295,8.326709384932213e-12,1.000000000000004,1.0000000000000069,1.0000000000000036,1.000000000000004,0.42553191490084225
6,10,13,0.021358646153025997,1.5760381126513514,0.3269955118951786,7.551066369738021e-16,1.0,0.9999999999999991,0.20864868564520442,0.9999999999999986,0.9999999999999987
6,10,13,0.021358646153009107,1.2610009524379846,1.344256685022025,1.871837076615132e-12,0.9999999999999953,0.999999999999996,0.999999999999997,0.9999999999999973,0.8510638297850945
6,10,13,0.02135864615302095,1.3829483919489807,1.3092566850215237,5.632173872248403e-13,0.9999999999999996,1.0,0.9999999999999993,0.9999999999999989,1.0000000000000007
6,10,13,0.021358646153009284,1.467345801096148,1.0019266349022704,1.8622608338215996e-12,0.9999999999999987,1.000000000000002,0.6541089789069178,0.9999999999999989,1.0000000000000002
6,12,14,0.20155813015938642,0.35698502865152865,0.07442675578174462,1.0000000000000004,0.9999999999999994,0.5023270314440892,0.9999999999999989,-5.26226122596411e-15,1.9734847111520237e-11
6,12,14,0.34660072116524016,0.2997526372673107,0.07442675578182913,0.9999999999999996,0.9999999999999962,0.9999999999999973,0.999999999999996,8.238791864446232e-12,8.238471428494154e-12
7,9,10,0.20659613620798895,0.3435313457111373,1.2627538931655802,0.9999999999999827,0.9999999999999938,0.9999999999999976,1.0000000000000047,0.9263276166829402,0.35272882577053455
7,9,10,0.24309112049770862,0.10404329851167321,1.0943867161624468,0.9999999999999986,4.670008224160259e-15,1.000000000000005,0.9999999999999992,0.9999999999999979,0.15534979184282371
7,9,10,0.24309111946952902,0.7785313815450416,0.9659999011212286,1.0000000000000013,3.545449067665629e-08,1.0000000000000009,1.0000000000000013,1.000000000000003,1.0000000000000018
7,9,10,0.13212589821631002,0.4435313760445896,1.262753893159033,1.0000000000000044,0.9999999999999986,0.9999999999999887,0.9999999999999832,0.43376373125739404,0.4596670377809277
7,9,10,0.16914774827485884,0.8435313815450686,0.9260195217130621,1.000000000000014,1.0000000000000087,0.9999999999999989,0.6060606060605508,0.6350222891719284,1.0000000000000406
7,10,13,0.18833220682719437,1.7697958061639374,0.1442566850181117,0.99999999999996,1.000000000000001,0.7702434541074902,0.1298039070080877,1.0000000000000007,0.999999999999996
7,10,13,0.24309112049770992,1.427254686043287,1.0496885180010105,-4.6193641811539505e-14,0.9999999999999949,0.9999999999999967,0.6995643684650374,0.999999999999992,0.9999999999999942
7,10,13,0.21409112049770895,1.5498859934594642,1.3092566850215241,1.0,1.0,1.0,1.0,1.0,1.0
7,10,13,0.2430911204977087,1.5414350623596547,0.37511785186747143,5.151622687639582e-16,0.9999999999999977,0.9999999999999979,0.23161200651281189,0.9999999999999982,0.9999999999999977
7,10,13,0.21409112049770884,1.427938553614364,1.3442566851102973,0.9999999999999987,0.999999999999998,0.9999999999999987,0.999999999999998,0.9999999999999987,0.8510638294094728
7,10,13,0.24309111946952827,1.2320009687023523,1.3442566851102966,3.545448246100591e-08,0.9999999999999998,0.9999999999999931,0.9999999999999971,0.9999999999999984,0.8510638294094723
7,10,13,0.13825756067588027,1.7697958061635435,0.24425668304977846,1.0000000000000182,1.0000000000000357,0.46272669630366786,0.17139428818833008,1.0000000000000158,1.0000000000000677
7,10,13,0.18370424218533585,1.6556154315734246,0.9442566850214518,0.9999999999999782,0.9999999999999118,0.7352194313150342,0.6024931174286592,0.9999999999999125,0.9999999999999353
9,10,12,0.7695313815454673,0.9949998845229807,0.09024027999630442,1.0000000000000013,0.9999999999999983,1.0000000000000009,1.0000000000000004,2.3043273344146298e-11,2.3044297102047667e-11
9,10,12,0.34649872098170564,1.0915772166262194,0.09024027999570176,1.0000000000000007,1.0000000000000009,0.36462281512773337,0.9999999999999954,-2.4121001682452397e-14,1.6664379793619732e-10
9,10,13,0.5182209966436918,0.8036019943261807,1.7543223271369364,1.0000000000000235,1.0000000000000484,0.6802492776107615,1.0000000000000815,1.581057055299969e-13,1.8474137230950526e-13
9,10,13,0.24193439478076775,2.337751256207162,0.25042383088404974,1.0000000000000022,0.9999999999999991,8.936431911306386e-11,8.30520255964208e-16,1.0000000000000013,1.000000000000003
9,10,13,1.0130415446519483,1.6802584674027625,1.30880623073382,0.4480328882211286,0.2929727354117293,1.000000000000005,1.0000000000000038,1.0000000000000016,1.000000000000003
9,10,13,0.9130415449526802,1.74452006740851,1.4543223271952759,0.6727272709539123,0.9999999999999991,0.9999999999999982,0.9999999999999978,0.9999999999999991,0.9021276593262282
9,10,13,1.1130415446575634,1.2419303543623685,1.200017019187602,1.525077165235181e-11,-3.4555041120154506e-14,1.0000000000000022,0.9713854000411379,0.9999999999999964,1.0000000000000013
9,10,13,0.713041544660157,0.6788757899378157,1.754322327136934,0.8575141629387445,1.0000000000000022,1.0000000000000053,1.0000000000000053,2.48793819901934e-14,3.3075504445603794e-14
9,10,13,0.321680152318652,2.2646965294625296,0.7543223269067483,1.0000000000000013,1.0000000000000038,0.06739039829269876,0.2574237140070761,1.000000000000004,1.0000000000000044
9,10,13,0.8305338933621498,2.1185870759505865,0.8543222001117846,0.9999999999999994,1.0000000000000009,0.9136914614172572,0.32902900874890745,0.9999999999999996,0.9999999999999999
9,10,13,0.055571117078056835,1.97247762198937,1.5543223271369333,1.0000000000000062,1.0000000000000078,0.1840519553478103,1.0000000000000067,1.3854519988791655e-13,0.8510638297872338
9,10,13,0.7354817992981825,1.3880398081151086,1.6543223271374283,0.9999999999999992,0.9999999999999994,1.0,0.9999999999999964,0.1922389898059236,0.35354454849612293
9,10,13,1.0130415446600773,1.8263681702818453,1.0429557413066228,0.606060606060608,7.002921263292501e-16,1.0000000000000029,0.7831758248932873,1.0000000000000018,1.0000000000000016
9,10,13,0.7827413303809554,2.118587075944467,0.9543223251740226,0.9999999999999994,0.9999999999999997,0.7833872499172444,0.4102021241346472,0.9999999999999983,0.9999999999999989
9,10,13,0.5560413184705153,2.264696529466903,0.4543223039194975,0.9999999999999993,1.000000000000002,0.34076417384894414,0.0871252964295107,1.0000000000000007,1.0000000000000013
9,10,13,0.6327697571832733,2.1185870759500776,1.154322326932198,1.000000000000006,1.0000000000000013,0.46466973606517187,0.608747460609675,1.0000000000000018,1.0000000000000004
9,10,13,0.5041185393401757,2.118587075866418,1.2543219311766767,0.9999999999999992,0.9999999999999998,0.26815390179983306,0.7311671609866801,0.9999999999999982,0.9999999999999997
9,10,13,0.4226587898595453,2.264696529463709,0.6543223271280785,0.9999999999999968,0.9999999999999971,0.16924880455502817,0.19397093633059231,0.9999999999999964,0.9999999999999916
9,10,13,0.4978051114388698,2.264696529479147,0.5543218519814929,0.9999999999999974,0.9999999999999918,0.25986778714144887,0.13751976678726108,0.9999999999999918,0.9999999999999931
9,10,13,0.2314402790380162,2.3377512562073184,0.2543223271568517,0.9999999999999325,0.9999999999999076,-4.995663171331044e-13,5.5209660789102445e-11,0.9556989076314648,0.9999999999999892
9,10,13,1.0130415446600847,1.9724776200955838,0.18575616975984394,0.6060606060605978,-6.239509257702858e-14,1.0000000000000033,0.1843666043451542,0.9999999999999996,1.0000000000000007
9,10,13,0.8590415446600765,1.9724776220909819,1.3546047624589508,1.000000000000002,1.0000000000000013,1.0000000000000013,0.8740722710236173,1.0000000000000018,1.0000000000000013
9,10,13,0.29008119205550054,2.1185870759501046,1.3543223267061602,0.9999999999999991,0.9999999999999989,0.03945192600071421,0.8736372439283964,1.0,0.9999999999999991
9,10,13,0.7112507597565089,1.8263681582698605,1.5543223271428743,0.9999999999999972,0.9999999999999921,1.0000000000000002,0.9999999999999895,0.08578581816199679,0.8189397787055482
9,10,13,1.0130415446726695,1.5341488998096915,1.380703248604449,0.2565385303053385,0.6479903650227299,0.9999999999999919,0.9999999999999932,0.9999999999999956,0.9999999999999925
9,10,13,0.47211190556502286,1.5341492624353699,1.654322327136936,0.9999999999999997,0.9999999999999972,0.6113066152966703,0.9999999999999927,-9.757252102612723e-15,0.4255319148936207
9,10,13,0.24193439478075887,2.337751256207163,0.25042383088403164,1.0000000000000002,0.9999999999999971,8.935741361258687e-11,-6.0952738383520895e-15,0.9999999999999991,1.0000000000000013
9,10,13,0.10505525113715236,2.264696529463761,0.8543223271712239,0.9999999999999988,1.0000000000000484,5.505011697505119e-13,0.2994046178561271,0.5467064478947905,0.9999999999999953
9,10,13,1.113041544660077,1.1202781839007354,1.2543223271370398,7.651485670630101e-15,-3.9050411178934154e-15,1.000000000000004,1.000000000000003,1.0000000000000022,0.8592951399339809
9,10,13,1.0130415454945407,0.8040325884292093,1.5543223274489115,0.0666666616092999,0.9999999999999984,0.9999999999999962,0.9999999999999951,0.9999999999999978,0.47659574335330324
9,10,13,0.9130415482403729,2.118587073962955,0.6069018328980224,1.0000000000000029,0.3932583867382391,1.0000000000000004,0.27526304204012386,1.0000000000000013,1.0000000000000018
9,10,13,1.1130415446575594,1.3880397973113947,0.543051190889359,1.525701602021959e-11,-4.108714236894517e-14,0.999999999999994,0.3725762076271075,0.9999999999999869,0.9999999999999907
9,10,13,0.7523553145346461,1.97247762643649,1.4543223350508154,1.0000000000000036,1.000000000000001,0.7978528275279861,1.0000000000000018,0.7386362737059828,0.9999999999999996
9,10,13,1.0130415454945405,1.2544461503271955,1.4543223271952752,0.06666666160930257,1.0,0.9999999999999967,0.9999999999999967,0.9999999999999989,0.9021276593262277
9,10,13,0.6403987589468851,2.264696529464134,0.25432232710331837,1.0000000000000047,1.0000000000000038,0.47822543313881677,0.0014936922930839141,1.0000000000000047,1.0000000000000049
9,10,13,0.7197406484680048,2.118587075929109,1.0543222874410527,1.0000000000000009,0.9999999999999996,0.6348995451358412,0.5027026616023968,0.9999999999999993,0.9999999999999959
9,10,13,0.9130415446600747,1.9724776225459535,1.2464634006505004,1.000000000000001,0.39325842696630076,0.9999999999999983,0.8740722691589724,0.9999999999999996,0.9999999999999986
9,10,13,0.8130415446596012,0.11941506134438111,1.7543223271369381,0.2514535568814885,1.0000000000000142,0.9999999999999947,1.0000000000000238,3.5672146208066765e-14,6.510568558182383e-14
9,12,13,0.35050272774182856,0.08032376571119698,0.5017458520231602,1.0000000000000036,1.000000000000003,9.013105745688671e-13,1.0000000000000033,0.8145224870555586,1.000000000000004
9,12,13,0.4207256803799203,0.08032376571120141,0.411139370929249,1.0000000000000036,0.7439181380524746,1.714346804761486e-14,1.0000000000000044,1.0000000000000049,1.0000000000000047
10,12,13,1.4493244737312017,0.055532479997867604,1.0782075709138754,0.9999999999999969,0.7279668779408917,-1.3362499761275276e-14,1.000000000000001,0.9999999999999996,0.9999999999999988
10,12,13,1.556681839033884,0.05553247999786764,0.4849851029894484,1.0000000000000024,0.28797767588075707,1.3043675659956251e-14,1.0000000000000078,1.0000000000000058,1.000000000000007
10,12,13,1.2610009659222623,0.055532479643965287,1.3442566851102995,1.000000000000008,1.0000000000000029,7.078051611486558e-08,1.0000000000000036,0.851063829409479,1.000000000000004
